ingredient_name,retailer,product_name,cas_number
Water/Aqua/Eau,Sephora,Rhode Glazing Milk,
C12-15 Alkyl Benzoate,Sephora,Rhode Glazing Milk,68411-27-8
Coconut Alkanes,Sephora,Rhode Glazing Milk,112-40-3
Glycerin,Sephora,Rhode Glazing Milk,56-81-5
Polyglyceryl-3 Oleate,Sephora,Rhode Glazing Milk,
Polyglyceryl-10 Mono/Dioleate,Sephora,Rhode Glazing Milk,
Tocopheryl Acetate,Sephora,Rhode Glazing Milk,7695-91-2
Sodium Hyaluronate,Sephora,Rhode Glazing Milk,
Sodium Hyaluronate Crosspolymer,Sephora,Rhode Glazing Milk,105524-32-1
Hydrolyzed Sodium Hyaluronate,Sephora,Rhode Glazing Milk,9067-32-7
Sodium Acetylated Hyaluronate,Sephora,Rhode Glazing Milk,158254-23-0
Ceramide NP,Sephora,Rhode Glazing Milk,72968-43-5
Ceramide AP,Sephora,Rhode Glazing Milk,100403-19-8
Ceramide EOP,Sephora,Rhode Glazing Milk,627881-96-3
Beta-Glucan,Sephora,Rhode Glazing Milk,26874-89-5
Copper Gluconate,Sephora,Rhode Glazing Milk,527-09-3
Magnesium Aspartate,Sephora,Rhode Glazing Milk,
Oleic Acid,Sephora,Rhode Glazing Milk,112-80-1
Linoleic Acid,Sephora,Rhode Glazing Milk,60-33-3
Linolenic Acid,Sephora,Rhode Glazing Milk,463-40-1
Xanthan Gum,Sephora,Rhode Glazing Milk,11138-66-2
Zinc Gluconate,Sephora,Rhode Glazing Milk,4468-02-4
Euterpe Oleracea Sterols,Sephora,Rhode Glazing Milk,
Phosphatidylglycerol,Sephora,Rhode Glazing Milk,
Phytosphingosine,Sephora,Rhode Glazing Milk,554-62-1
Caprylyl Glycol,Sephora,Rhode Glazing Milk,1117-86-8
Cholesterol,Sephora,Rhode Glazing Milk,57-88-5
Coco-Caprylate/Caprate,Sephora,Rhode Glazing Milk,
PEG-7 Glyceryl Cocoate,Sephora,Rhode Glazing Milk,66105-29-1
Cetyl Hydroxyethylcellulose,Sephora,Rhode Glazing Milk,80455-45-4
Carbomer,Sephora,Rhode Glazing Milk,9007-20-9
Sodium Lauroyl Lactylate,Sephora,Rhode Glazing Milk,13557-75-0
Pentylene Glycol,Sephora,Rhode Glazing Milk,5343-92-0
"1,2-Hexanediol",Sephora,Rhode Glazing Milk,6920-22-5
Sodium Phytate,Sephora,Rhode Glazing Milk,14306-25-3
Phenoxyethanol,Sephora,Rhode Glazing Milk,122-99-6
Ethylhexylglycerin,Sephora,Rhode Glazing Milk,70445-33-9
Sodium_Benzoate,Sephora,Rhode Glazing Milk,
Chlorphenesin,Sephora,Rhode Glazing Milk,104-29-0
Citric Acid,Sephora,Rhode Glazing Milk,77-92-9
Hydrogenated Polyisobutene,Sephora,Rhode Peptide Lip Treatment,40921-86-6
Diisostearyl Malate,Sephora,Rhode Peptide Lip Treatment,
Butyrospermum Parkii (Shea) Butter,Sephora,Rhode Peptide Lip Treatment,
Polybutene,Sephora,Rhode Peptide Lip Treatment,
Microcrystalline Wax (Cera Microcristallina) (Cire Microcristalline),Sephora,Rhode Peptide Lip Treatment,
Synthetic Wax,Sephora,Rhode Peptide Lip Treatment,
Octyldodecanol,Sephora,Rhode Peptide Lip Treatment,5333-42-6
Polyglyceryl-2 Triisostearate,Sephora,Rhode Peptide Lip Treatment,
Hydrogenated Poly(C6-14 Olefin),Sephora,Rhode Peptide Lip Treatment,
Tocopherol,Sephora,Rhode Peptide Lip Treatment,54-28-4
Tocopheryl Acetate,Sephora,Rhode Peptide Lip Treatment,7695-91-2
Tetrahexyldecyl Ascorbate,Sephora,Rhode Peptide Lip Treatment,183476-82-6
Palmitoyl Tripeptide-1,Sephora,Rhode Peptide Lip Treatment,147732-56-7
Orbignya Oleifera Seed Oil,Sephora,Rhode Peptide Lip Treatment,
Theobroma Grandiflorum Seed Butter,Sephora,Rhode Peptide Lip Treatment,
Lactic Acid,Sephora,Rhode Peptide Lip Treatment,50-21-5
Tribehenin,Sephora,Rhode Peptide Lip Treatment,18641-57-1
Phytosteryl/Isostearyl/Cetyl/Stearyl/Behenyl Dimer Dilinoleate,Sephora,Rhode Peptide Lip Treatment,
Ethylhexyl Palmitate,Sephora,Rhode Peptide Lip Treatment,29806-73-3
Sorbitan Isostearate,Sephora,Rhode Peptide Lip Treatment,71902-01-7
Synthetic Fluorphlogopite,Sephora,Rhode Peptide Lip Treatment,12003-38-2
Disteardimonium Hectorite,Sephora,Rhode Peptide Lip Treatment,97280-96-1
Titanium Dioxide (Ci 77891),Sephora,Rhode Peptide Lip Treatment,
Red 28 Lake (Ci 45410),Sephora,Rhode Peptide Lip Treatment,
Red 7 (Ci 15850),Sephora,Rhode Peptide Lip Treatment,
Yellow 5 Lake (Ci 19140),Sephora,Rhode Peptide Lip Treatment,
Blue 1 Lake (Ci 42090),Sephora,Rhode Peptide Lip Treatment,
Water(Aqua),Sephora,Biodance Bio-Collagen Real Deep Mask,
Glycerin,Sephora,Biodance Bio-Collagen Real Deep Mask,56-81-5
Acrylates Copolymer,Sephora,Biodance Bio-Collagen Real Deep Mask,25133-97-5
Niacinamide,Sephora,Biodance Bio-Collagen Real Deep Mask,98-92-0
Ceratonia Siliqua (Carob) Gum,Sephora,Biodance Bio-Collagen Real Deep Mask,
Chondrus Crispus Extract,Sephora,Biodance Bio-Collagen Real Deep Mask,
Dipropylene Glycol,Sephora,Biodance Bio-Collagen Real Deep Mask,110-98-5
Betaine,Sephora,Biodance Bio-Collagen Real Deep Mask,107-43-7
Algin,Sephora,Biodance Bio-Collagen Real Deep Mask,9005-38-3
Agar,Sephora,Biodance Bio-Collagen Real Deep Mask,
Hydroxyacetophenone,Sephora,Biodance Bio-Collagen Real Deep Mask,99-93-4
"1,2-Hexanediol",Sephora,Biodance Bio-Collagen Real Deep Mask,6920-22-5
Potassium Chloride,Sephora,Biodance Bio-Collagen Real Deep Mask,
Caprylyl Glycol,Sephora,Biodance Bio-Collagen Real Deep Mask,1117-86-8
Sucrose,Sephora,Biodance Bio-Collagen Real Deep Mask,57-50-1
Allantoin,Sephora,Biodance Bio-Collagen Real Deep Mask,97-59-6
Polyglyceryl-10 Laurate,Sephora,Biodance Bio-Collagen Real Deep Mask,34406-66-1
Ethylhexylglycerin,Sephora,Biodance Bio-Collagen Real Deep Mask,70445-33-9
Galactomyces Ferment Filtrate,Sephora,Biodance Bio-Collagen Real Deep Mask,
Adenosine,Sephora,Biodance Bio-Collagen Real Deep Mask,58-61-7
Disodium EDTA,Sephora,Biodance Bio-Collagen Real Deep Mask,139-33-3
Pyrus Communis (Pear) Fruit Extract,Sephora,Biodance Bio-Collagen Real Deep Mask,
Rosa Damascena Flower Water,Sephora,Biodance Bio-Collagen Real Deep Mask,
Collagen Extract,Sephora,Biodance Bio-Collagen Real Deep Mask,
Iris Florentina Root Extract,Sephora,Biodance Bio-Collagen Real Deep Mask,
Cucumis Melo (Melon) Fruit Extract,Sephora,Biodance Bio-Collagen Real Deep Mask,
Hedera Helix (Ivy) Leaf/Stem Extract,Sephora,Biodance Bio-Collagen Real Deep Mask,
Butylene Glycol,Sephora,Biodance Bio-Collagen Real Deep Mask,107-88-0
Dipotassium Glycyrrhizate,Sephora,Biodance Bio-Collagen Real Deep Mask,68797-35-3
Hydrolyzed Hyaluronic Acid,Sephora,Biodance Bio-Collagen Real Deep Mask,
Lactobacillus Ferment,Sephora,Biodance Bio-Collagen Real Deep Mask,1686112-36-6
Bifida Ferment Filtrate,Sephora,Biodance Bio-Collagen Real Deep Mask,
Lactobacillus Ferment Lysate,Sephora,Biodance Bio-Collagen Real Deep Mask,
Tocopherol,Sephora,Biodance Bio-Collagen Real Deep Mask,54-28-4
Aqua (Water),Sephora,The Ordinary Glycolic Acid 7% Toning Solution,
Glycolic Acid,Sephora,The Ordinary Glycolic Acid 7% Toning Solution,79-14-1
Rosa damascena flower water,Sephora,The Ordinary Glycolic Acid 7% Toning Solution,
Centaurea cyanus flower water,Sephora,The Ordinary Glycolic Acid 7% Toning Solution,84012-18-0
Aloe Barbadensis Leaf Water,Sephora,The Ordinary Glycolic Acid 7% Toning Solution,
Propanediol,Sephora,The Ordinary Glycolic Acid 7% Toning Solution,26264-14-2
Glycerin,Sephora,The Ordinary Glycolic Acid 7% Toning Solution,56-81-5
Triethanolamine,Sephora,The Ordinary Glycolic Acid 7% Toning Solution,102-71-6
Aminomethyl Propanol,Sephora,The Ordinary Glycolic Acid 7% Toning Solution,124-68-5
Panax Ginseng Root Extract,Sephora,The Ordinary Glycolic Acid 7% Toning Solution,84650-12-4
Tasmannia Lanceolata Fruit/Leaf Extract,Sephora,The Ordinary Glycolic Acid 7% Toning Solution,183815-52-3
Aspartic Acid,Sephora,The Ordinary Glycolic Acid 7% Toning Solution,56-84-8
Alanine,Sephora,The Ordinary Glycolic Acid 7% Toning Solution,302-72-7
Glycine,Sephora,The Ordinary Glycolic Acid 7% Toning Solution,56-40-6
Serine,Sephora,The Ordinary Glycolic Acid 7% Toning Solution,302-84-1
Valine,Sephora,The Ordinary Glycolic Acid 7% Toning Solution,516-06-3
Isoleucine,Sephora,The Ordinary Glycolic Acid 7% Toning Solution,73-32-5
Proline,Sephora,The Ordinary Glycolic Acid 7% Toning Solution,609-36-9
Threonine,Sephora,The Ordinary Glycolic Acid 7% Toning Solution,80-68-2
Histidine,Sephora,The Ordinary Glycolic Acid 7% Toning Solution,71-00-1
Phenylalanine,Sephora,The Ordinary Glycolic Acid 7% Toning Solution,150-30-1
Glutamic Acid,Sephora,The Ordinary Glycolic Acid 7% Toning Solution,56-86-0
Arginine,Sephora,The Ordinary Glycolic Acid 7% Toning Solution,74-79-3
PCA,Sephora,The Ordinary Glycolic Acid 7% Toning Solution,98-79-3
Sodium PCA,Sephora,The Ordinary Glycolic Acid 7% Toning Solution,28874-51-3
Sodium Lactate,Sephora,The Ordinary Glycolic Acid 7% Toning Solution,72-17-3
Fructose,Sephora,The Ordinary Glycolic Acid 7% Toning Solution,57-48-7
Glucose,Sephora,The Ordinary Glycolic Acid 7% Toning Solution,50-99-7
Sucrose,Sephora,The Ordinary Glycolic Acid 7% Toning Solution,57-50-1
Urea,Sephora,The Ordinary Glycolic Acid 7% Toning Solution,57-13-6
Hexyl Nicotinate,Sephora,The Ordinary Glycolic Acid 7% Toning Solution,23597-82-2
Dextrin,Sephora,The Ordinary Glycolic Acid 7% Toning Solution,9004-53-9
Citric Acid,Sephora,The Ordinary Glycolic Acid 7% Toning Solution,77-92-9
Polysorbate 20,Sephora,The Ordinary Glycolic Acid 7% Toning Solution,9005-64-5
Gellan Gum,Sephora,The Ordinary Glycolic Acid 7% Toning Solution,
Trisodium Ethylenediamine Disuccinate,Sephora,The Ordinary Glycolic Acid 7% Toning Solution,20846-91-7
Sodium Chloride,Sephora,The Ordinary Glycolic Acid 7% Toning Solution,7647-14-5
Hexylene Glycol,Sephora,The Ordinary Glycolic Acid 7% Toning Solution,107-41-5
Potassium Sorbate,Sephora,The Ordinary Glycolic Acid 7% Toning Solution,24634-61-5
Sodium Benzoate,Sephora,The Ordinary Glycolic Acid 7% Toning Solution,532-32-1
"1,2-Hexanediol",Sephora,The Ordinary Glycolic Acid 7% Toning Solution,6920-22-5
Caprylyl Glycol,Sephora,The Ordinary Glycolic Acid 7% Toning Solution,1117-86-8
Aqua/Water/Eau,Sephora,Tower 28 SOS Daily Rescue Facial Spray,
Glycerin,Sephora,Tower 28 SOS Daily Rescue Facial Spray,56-81-5
Cetyl Ethylhexanoate,Sephora,Tower 28 SOS Daily Rescue Facial Spray,59130-69-7
Caprylyl Methicone,Sephora,Tower 28 SOS Daily Rescue Facial Spray,17955-88-3
Dipropylene Glycol,Sephora,Tower 28 SOS Daily Rescue Facial Spray,110-98-5
Cetearyl Alcohol,Sephora,Tower 28 SOS Daily Rescue Facial Spray,67762-27-0
Behenyl Alcohol,Sephora,Tower 28 SOS Daily Rescue Facial Spray,661-19-8
Polyglyceryl-3 Methylglucose Distearate,Sephora,Tower 28 SOS Daily Rescue Facial Spray,157175-98-9
Silica,Sephora,Tower 28 SOS Daily Rescue Facial Spray,7631-86-9
Niacinamide,Sephora,Tower 28 SOS Daily Rescue Facial Spray,98-92-0
Ceramide NP,Sephora,Tower 28 SOS Daily Rescue Facial Spray,72968-43-5
Sodium Hyaluronate,Sephora,Tower 28 SOS Daily Rescue Facial Spray,
Ectoin,Sephora,Tower 28 SOS Daily Rescue Facial Spray,96702-03-3
Lactococcus Ferment,Sephora,Tower 28 SOS Daily Rescue Facial Spray,
Aphanizomenon Flos-aquae Extract,Sephora,Tower 28 SOS Daily Rescue Facial Spray,
Chondrus Crispus Extract,Sephora,Tower 28 SOS Daily Rescue Facial Spray,
Allantoin,Sephora,Tower 28 SOS Daily Rescue Facial Spray,97-59-6
Oryza Sativa (Rice) Bran Wax,Sephora,Tower 28 SOS Daily Rescue Facial Spray,
Tremella Fuciformis Polysaccharide,Sephora,Tower 28 SOS Daily Rescue Facial Spray,778577-37-0
Cetearyl Olivate,Sephora,Tower 28 SOS Daily Rescue Facial Spray,223706-40-9
Sorbitan Olivate,Sephora,Tower 28 SOS Daily Rescue Facial Spray,
Hydroxyacetophenone,Sephora,Tower 28 SOS Daily Rescue Facial Spray,99-93-4
Glyceryl Stearate,Sephora,Tower 28 SOS Daily Rescue Facial Spray,31566-31-1
Hydroxyethyl Acrylate/Sodium Acryloyldimethyl Taurate Copolymer,Sephora,Tower 28 SOS Daily Rescue Facial Spray,111286-86-3
Ethylhexyl Palmitate,Sephora,Tower 28 SOS Daily Rescue Facial Spray,29806-73-3
"1,2-Hexanediol",Sephora,Tower 28 SOS Daily Rescue Facial Spray,6920-22-5
Sodium Phytate,Sephora,Tower 28 SOS Daily Rescue Facial Spray,14306-25-3
Tocopherol,Sephora,Tower 28 SOS Daily Rescue Facial Spray,54-28-4
Silica Dimethyl Silylate,Sephora,Tower 28 SOS Daily Rescue Facial Spray,68611-44-9
Caprylyl Glycol,Sephora,Tower 28 SOS Daily Rescue Facial Spray,1117-86-8
Butylene Glycol,Sephora,Tower 28 SOS Daily Rescue Facial Spray,107-88-0
Potassium Sorbate,Sephora,Tower 28 SOS Daily Rescue Facial Spray,24634-61-5
Hexylene Glycol,Sephora,Tower 28 SOS Daily Rescue Facial Spray,107-41-5
Sodium Benzoate,Sephora,Tower 28 SOS Daily Rescue Facial Spray,532-32-1
Ethylhexylglycerin,Sephora,Tower 28 SOS Daily Rescue Facial Spray,70445-33-9
Phenoxyethanol,Sephora,Tower 28 SOS Daily Rescue Facial Spray,122-99-6
Alcohol,Sephora,Touchland Power Mist Hydrating Hand Sanitizer,64-17-5
Water,Sephora,Touchland Power Mist Hydrating Hand Sanitizer,
Aloe Barbadensis Leaf Juice,Sephora,Touchland Power Mist Hydrating Hand Sanitizer,
Leuconostoc/Radish Root Ferment Lysate Filtrate,Sephora,Touchland Power Mist Hydrating Hand Sanitizer,
Glycereth-26,Sephora,Touchland Power Mist Hydrating Hand Sanitizer,31694-55-0
Citrus Limon (Lemon) Peel Oil,Sephora,Touchland Power Mist Hydrating Hand Sanitizer,
Citrus Aurantifolia (Lime) Oil,Sephora,Touchland Power Mist Hydrating Hand Sanitizer,
Fragrance,Sephora,Touchland Power Mist Hydrating Hand Sanitizer,
Hexyl Cinnamal,Sephora,Touchland Power Mist Hydrating Hand Sanitizer,101-86-0
Geraniol,Sephora,Touchland Power Mist Hydrating Hand Sanitizer,106-24-1
Alpha-Isomethyl Ionone,Sephora,Touchland Power Mist Hydrating Hand Sanitizer,127-51-5
Linalool,Sephora,Touchland Power Mist Hydrating Hand Sanitizer,78-70-6
Phytosteryl/Isostearyl/Cetyl/Stearyl/Behenyl Dimer Dilinoleate,Sephora,Summer Fridays Lip Butter Balm,
Diisostearyl Malate,Sephora,Summer Fridays Lip Butter Balm,
Hydrogenated Polyisobutene,Sephora,Summer Fridays Lip Butter Balm,40921-86-6
Polybutene,Sephora,Summer Fridays Lip Butter Balm,
Hydrogenated Poly (C6-14 Olefin),Sephora,Summer Fridays Lip Butter Balm,
Butyrospermum Parkii (Shea) Butter,Sephora,Summer Fridays Lip Butter Balm,
Microcrystalline Wax/Cera Microcristallina/Cire microcristalline,Sephora,Summer Fridays Lip Butter Balm,
Octyldodecanol,Sephora,Summer Fridays Lip Butter Balm,5333-42-6
Synthetic Wax,Sephora,Summer Fridays Lip Butter Balm,
Disteardimonium Hectorite,Sephora,Summer Fridays Lip Butter Balm,97280-96-1
Astrocaryum Murumuru Seed Butter,Sephora,Summer Fridays Lip Butter Balm,
Sodium Hyaluronate,Sephora,Summer Fridays Lip Butter Balm,
Tocopherol,Sephora,Summer Fridays Lip Butter Balm,54-28-4
Propylene Carbonate,Sephora,Summer Fridays Lip Butter Balm,
Polyglyceryl-2 Diisostearate,Sephora,Summer Fridays Lip Butter Balm,
Aluminum Hydroxide,Sephora,Summer Fridays Lip Butter Balm,21645-51-2
Fragrance/Parfum,Sephora,Summer Fridays Lip Butter Balm,
Mica,Sephora,Summer Fridays Lip Butter Balm,12001-26-2
BHT,Sephora,Summer Fridays Lip Butter Balm,128-37-0
Benzyl Alcohol,Sephora,Summer Fridays Lip Butter Balm,100-51-6
Benzyl Benzoate,Sephora,Summer Fridays Lip Butter Balm,120-51-4
Red 6 (CI 15850),Sephora,Summer Fridays Lip Butter Balm,
Red 28 Lake (CI 45410),Sephora,Summer Fridays Lip Butter Balm,
Titanium Dioxide (CI 77891),Sephora,Summer Fridays Lip Butter Balm,
Aqua (Water),Sephora,The Ordinary Niacinamide 10% + Zinc 1%,
Niacinamide,Sephora,The Ordinary Niacinamide 10% + Zinc 1%,98-92-0
Pentylene Glycol,Sephora,The Ordinary Niacinamide 10% + Zinc 1%,5343-92-0
Zinc PCA,Sephora,The Ordinary Niacinamide 10% + Zinc 1%,68107-75-5
Dimethyl Isosorbide,Sephora,The Ordinary Niacinamide 10% + Zinc 1%,5306-85-4
Tamarindus Indica Seed Gum,Sephora,The Ordinary Niacinamide 10% + Zinc 1%,84961-62-6
Xanthan Gum,Sephora,The Ordinary Niacinamide 10% + Zinc 1%,11138-66-2
Isoceteth-20,Sephora,The Ordinary Niacinamide 10% + Zinc 1%,69364-63-2
Ethoxydiglycol,Sephora,The Ordinary Niacinamide 10% + Zinc 1%,111-90-0
Phenoxyethanol,Sephora,The Ordinary Niacinamide 10% + Zinc 1%,122-99-6
Chlorphenesin,Sephora,The Ordinary Niacinamide 10% + Zinc 1%,104-29-0
Alcohol Denat.,Sephora,Sephora Collection Blackhead Peel-Off Mask,
PVP,Sephora,Sephora Collection Blackhead Peel-Off Mask,9003-39-8
VP/VA Copolymer,Sephora,Sephora Collection Blackhead Peel-Off Mask,25086-89-9
Aqua (Water),Sephora,Sephora Collection Blackhead Peel-Off Mask,
CI 77499 (Iron Oxides),Sephora,Sephora Collection Blackhead Peel-Off Mask,12227-89-3
Parfum (Fragrance),Sephora,Sephora Collection Blackhead Peel-Off Mask,
Glycerin,Sephora,Sephora Collection Blackhead Peel-Off Mask,56-81-5
Charcoal Powder,Sephora,Sephora Collection Blackhead Peel-Off Mask,
Caprylic/Capric Triglyceride,Sephora,Sephora Collection Blackhead Peel-Off Mask,73398-61-5
Epilobium Fleischeri Extract,Sephora,Sephora Collection Blackhead Peel-Off Mask,
Pistacia Lentiscus (Mastic) Gum,Sephora,Sephora Collection Blackhead Peel-Off Mask,
Hydrogenated Lecithin,Sephora,Sephora Collection Blackhead Peel-Off Mask,92128-87-5
Phenethyl Alcohol,Sephora,Sephora Collection Blackhead Peel-Off Mask,60-12-8
Dipotassium Glycyrrhizate,Sephora,Sephora Collection Blackhead Peel-Off Mask,68797-35-3
Citric Acid,Sephora,Sephora Collection Blackhead Peel-Off Mask,77-92-9
Ethylhexylglycerin,Sephora,Sephora Collection Blackhead Peel-Off Mask,70445-33-9
Potassium SorbateCI 77499,Sephora,Sephora Collection Blackhead Peel-Off Mask,
Iron Oxides,Sephora,Sephora Collection Blackhead Peel-Off Mask,1332-37-2
Aqua (Water),YesStyle,Dr. Althea 345 Relief Cream,
Melaleuca Alternifolia (Tea Tree) Leaf Water,YesStyle,Dr. Althea 345 Relief Cream,
Propanediol,YesStyle,Dr. Althea 345 Relief Cream,26264-14-2
Glycerin,YesStyle,Dr. Althea 345 Relief Cream,56-81-5
"1,2-Hexanediol",YesStyle,Dr. Althea 345 Relief Cream,6920-22-5
Hydrogenated Polydecene,YesStyle,Dr. Althea 345 Relief Cream,68037-01-4
Vinyl Dimethicone,YesStyle,Dr. Althea 345 Relief Cream,
C14-22 Alcohols,YesStyle,Dr. Althea 345 Relief Cream,68002-95-9
Niacinamide,YesStyle,Dr. Althea 345 Relief Cream,98-92-0
Caprylic/Capric Triglyceride,YesStyle,Dr. Althea 345 Relief Cream,73398-61-5
Panthenol,YesStyle,Dr. Althea 345 Relief Cream,81-13-0
Dicaprylyl Carbonate,YesStyle,Dr. Althea 345 Relief Cream,1680-31-5
Butylene Glycol,YesStyle,Dr. Althea 345 Relief Cream,107-88-0
Ammonium Acryloyldimethyltaurate/VP Copolymer,YesStyle,Dr. Althea 345 Relief Cream,335383-60-3
Caprylyl Methicone,YesStyle,Dr. Althea 345 Relief Cream,17955-88-3
Polymethylsilsesquioxane,YesStyle,Dr. Althea 345 Relief Cream,68554-70-1
C12-20 Alkyl Glucoside,YesStyle,Dr. Althea 345 Relief Cream,
Hydroxyacetophenone,YesStyle,Dr. Althea 345 Relief Cream,99-93-4
Acrylates/C10-30 Alkyl Acrylate Crosspolymer,YesStyle,Dr. Althea 345 Relief Cream,176429-87-1
Polyquaternium-51,YesStyle,Dr. Althea 345 Relief Cream,125275-25-4
Ethylhexylglycerin,YesStyle,Dr. Althea 345 Relief Cream,70445-33-9
Tromethamine,YesStyle,Dr. Althea 345 Relief Cream,77-86-1
Sodium Hyaluronate,YesStyle,Dr. Althea 345 Relief Cream,
Sodium Stearoyl Glutamate,YesStyle,Dr. Althea 345 Relief Cream,38517-23-6
Coptis Japonica Root Extract,YesStyle,Dr. Althea 345 Relief Cream,223748-66-1
Centella Asiatica Leaf Water,YesStyle,Dr. Althea 345 Relief Cream,
Beta-Glucan,YesStyle,Dr. Althea 345 Relief Cream,26874-89-5
Resveratrol,YesStyle,Dr. Althea 345 Relief Cream,501-36-0
Hydrolyzed Hyaluronic Acid,YesStyle,Dr. Althea 345 Relief Cream,
Camellia Sinensis Leaf Water,YesStyle,Dr. Althea 345 Relief Cream,
Tocopherol,YesStyle,Dr. Althea 345 Relief Cream,54-28-4
Madecassoside,YesStyle,Dr. Althea 345 Relief Cream,34540-22-2
Sodium DNA,YesStyle,Dr. Althea 345 Relief Cream,
Centella Asiatica Extract,YesStyle,Dr. Althea 345 Relief Cream,84696-21-9
Ceramide NP,YesStyle,Dr. Althea 345 Relief Cream,72968-43-5
Tannic Acid,YesStyle,Dr. Althea 345 Relief Cream,
Disodium EDTA,YesStyle,Dr. Althea 345 Relief Cream,139-33-3
Sodium Phytate,YesStyle,Dr. Althea 345 Relief Cream,14306-25-3
Water,YesStyle,Celimax Vita-A Retinal,
Butylene Glycol,YesStyle,Celimax Vita-A Retinal,107-88-0
Glycerin,YesStyle,Celimax Vita-A Retinal,56-81-5
Caprylic/Capric Triglyceride,YesStyle,Celimax Vita-A Retinal,73398-61-5
Cetearyl Alcohol,YesStyle,Celimax Vita-A Retinal,67762-27-0
Niacinamide,YesStyle,Celimax Vita-A Retinal,98-92-0
Diisostearyl Malate,YesStyle,Celimax Vita-A Retinal,
"1,2-Hexanediol",YesStyle,Celimax Vita-A Retinal,6920-22-5
Polypropylsilsesquioxane,YesStyle,Celimax Vita-A Retinal,36088-62-7
Panthenol,YesStyle,Celimax Vita-A Retinal,81-13-0
Cetearyl Olivate,YesStyle,Celimax Vita-A Retinal,223706-40-9
Cetearyl Glucoside,YesStyle,Celimax Vita-A Retinal,246159-33-1
Sorbitan Olivate,YesStyle,Celimax Vita-A Retinal,
Hydroxyethyl Acrylate/Sodium Acryloyldimethyl Taurate Copolymer,YesStyle,Celimax Vita-A Retinal,111286-86-3
Lecithin,YesStyle,Celimax Vita-A Retinal,8002-43-5
Carbomer,YesStyle,Celimax Vita-A Retinal,9007-20-9
Arginine,YesStyle,Celimax Vita-A Retinal,74-79-3
Dimethicone/Vinyl Dimethicone Crosspolymer,YesStyle,Celimax Vita-A Retinal,243137-53-3
Tocopherol,YesStyle,Celimax Vita-A Retinal,54-28-4
Retinal,YesStyle,Celimax Vita-A Retinal,116-31-4
Xanthan Gum,YesStyle,Celimax Vita-A Retinal,11138-66-2
Ethylhexylglycerin,YesStyle,Celimax Vita-A Retinal,70445-33-9
Adenosine,YesStyle,Celimax Vita-A Retinal,58-61-7
Sorbitan Isostearate,YesStyle,Celimax Vita-A Retinal,71902-01-7
Sodium Lactate,YesStyle,Celimax Vita-A Retinal,72-17-3
Hydrolyzed Sponge,YesStyle,Celimax Vita-A Retinal,
Disodium EDTA,YesStyle,Celimax Vita-A Retinal,139-33-3
Polysorbate 20,YesStyle,Celimax Vita-A Retinal,9005-64-5
Ascorbic Acid,YesStyle,Celimax Vita-A Retinal,50-81-7
Glucose,YesStyle,Celimax Vita-A Retinal,50-99-7
Palmitoyl Tripeptide-1,YesStyle,Celimax Vita-A Retinal,147732-56-7
Palmitoyl Tetrapeptide-7,YesStyle,Celimax Vita-A Retinal,221227-05-0
Avobenzone,YesStyle,SKIN1004 Hyalu-Cica Water-Fit Sun Serum,
Homosalate,YesStyle,SKIN1004 Hyalu-Cica Water-Fit Sun Serum,118-56-9
Octisalate,YesStyle,SKIN1004 Hyalu-Cica Water-Fit Sun Serum,
Octocrylene,YesStyle,SKIN1004 Hyalu-Cica Water-Fit Sun Serum,6197-30-4
Water,YesStyle,SKIN1004 Hyalu-Cica Water-Fit Sun Serum,
Butyloctyl Salicylate,YesStyle,SKIN1004 Hyalu-Cica Water-Fit Sun Serum,190085-41-7
Propanediol,YesStyle,SKIN1004 Hyalu-Cica Water-Fit Sun Serum,26264-14-2
Polymethylsilsesquioxane,YesStyle,SKIN1004 Hyalu-Cica Water-Fit Sun Serum,68554-70-1
C20-22 Alkyl Phosphate,YesStyle,SKIN1004 Hyalu-Cica Water-Fit Sun Serum,
C20-22 Alcohols,YesStyle,SKIN1004 Hyalu-Cica Water-Fit Sun Serum,
Panthenol,YesStyle,SKIN1004 Hyalu-Cica Water-Fit Sun Serum,81-13-0
"1,2-Hexanediol",YesStyle,SKIN1004 Hyalu-Cica Water-Fit Sun Serum,6920-22-5
Caprylyl Methicone,YesStyle,SKIN1004 Hyalu-Cica Water-Fit Sun Serum,17955-88-3
Pentylene Glycol,YesStyle,SKIN1004 Hyalu-Cica Water-Fit Sun Serum,5343-92-0
Dimethicone/Vinyl Dimethicone Crosspolymer,YesStyle,SKIN1004 Hyalu-Cica Water-Fit Sun Serum,243137-53-3
Cetyl Alcohol,YesStyle,SKIN1004 Hyalu-Cica Water-Fit Sun Serum,36653-82-4
VP/Eicosene Copolymer,YesStyle,SKIN1004 Hyalu-Cica Water-Fit Sun Serum,
Glyceryl Stearate,YesStyle,SKIN1004 Hyalu-Cica Water-Fit Sun Serum,31566-31-1
Tromethamine,YesStyle,SKIN1004 Hyalu-Cica Water-Fit Sun Serum,77-86-1
Polyacrylate Crosspolymer-6,YesStyle,SKIN1004 Hyalu-Cica Water-Fit Sun Serum,
Ammonium Acryloyldimethyltaurate/VP Copolymer,YesStyle,SKIN1004 Hyalu-Cica Water-Fit Sun Serum,335383-60-3
Silica,YesStyle,SKIN1004 Hyalu-Cica Water-Fit Sun Serum,7631-86-9
Butylene Glycol,YesStyle,SKIN1004 Hyalu-Cica Water-Fit Sun Serum,107-88-0
Centella Asiatica Extract,YesStyle,SKIN1004 Hyalu-Cica Water-Fit Sun Serum,84696-21-9
Ethylhexylglycerin,YesStyle,SKIN1004 Hyalu-Cica Water-Fit Sun Serum,70445-33-9
Hydrolyzed Sodium Hyaluronate,YesStyle,SKIN1004 Hyalu-Cica Water-Fit Sun Serum,9067-32-7
Sodium Hyaluronate,YesStyle,SKIN1004 Hyalu-Cica Water-Fit Sun Serum,
Tocopherol,YesStyle,SKIN1004 Hyalu-Cica Water-Fit Sun Serum,54-28-4
Glycerin,YesStyle,SKIN1004 Hyalu-Cica Water-Fit Sun Serum,56-81-5
Portulaca Oleracea Extract,YesStyle,SKIN1004 Hyalu-Cica Water-Fit Sun Serum,90083-07-1
Camellia Sinensis Leaf Extract,YesStyle,SKIN1004 Hyalu-Cica Water-Fit Sun Serum,84650-60-2
Hyaluronic Acid,YesStyle,SKIN1004 Hyalu-Cica Water-Fit Sun Serum,9004-61-9
Oryza Sativa (Rice) Extract,YesStyle,SKIN1004 Hyalu-Cica Water-Fit Sun Serum,
Avena Sativa (Oat) Meal Extract,YesStyle,SKIN1004 Hyalu-Cica Water-Fit Sun Serum,
Glycine Max (Soybean) Seed Extract,YesStyle,SKIN1004 Hyalu-Cica Water-Fit Sun Serum,
Water,YesStyle,Beauty of Joseon Relief Sun,
Dibutyl Adipate,YesStyle,Beauty of Joseon Relief Sun,105-99-7
Propanediol,YesStyle,Beauty of Joseon Relief Sun,26264-14-2
Diethylamino Hydroxybenzoyl Hexyl Benzoate,YesStyle,Beauty of Joseon Relief Sun,302776-68-7
Polymethylsilsesquioxane,YesStyle,Beauty of Joseon Relief Sun,68554-70-1
Ethylhexyl Triazone,YesStyle,Beauty of Joseon Relief Sun,88122-99-0
Niacinamide,YesStyle,Beauty of Joseon Relief Sun,98-92-0
Methylene Bis-Benzotriazolyl Tetramethylbutylphenol,YesStyle,Beauty of Joseon Relief Sun,103597-45-1
Coco-Caprylate/Caprate,YesStyle,Beauty of Joseon Relief Sun,
Caprylyl Methicone,YesStyle,Beauty of Joseon Relief Sun,17955-88-3
Diethylhexyl Butamido Triazone,YesStyle,Beauty of Joseon Relief Sun,154702-15-5
Glycerin,YesStyle,Beauty of Joseon Relief Sun,56-81-5
"1,2-Hexanediol",YesStyle,Beauty of Joseon Relief Sun,6920-22-5
Butylene Glycol,YesStyle,Beauty of Joseon Relief Sun,107-88-0
Pentylene Glycol,YesStyle,Beauty of Joseon Relief Sun,5343-92-0
Behenyl Alcohol,YesStyle,Beauty of Joseon Relief Sun,661-19-8
Poly C10-30 Alkyl Acrylate,YesStyle,Beauty of Joseon Relief Sun,
Polyglyceryl-3 Methylglucose Distearate,YesStyle,Beauty of Joseon Relief Sun,157175-98-9
Decyl Glucoside,YesStyle,Beauty of Joseon Relief Sun,54549-25-6
Oryza Sativa (Rice) Extract,YesStyle,Beauty of Joseon Relief Sun,
Tromethamine,YesStyle,Beauty of Joseon Relief Sun,77-86-1
Carbomer,YesStyle,Beauty of Joseon Relief Sun,9007-20-9
Acrylates/C10-30 Alkyl Acrylate Crosspolymer,YesStyle,Beauty of Joseon Relief Sun,176429-87-1
Sodium Stearoyl Glutamate,YesStyle,Beauty of Joseon Relief Sun,38517-23-6
Polyacrylate Crosspolymer-6,YesStyle,Beauty of Joseon Relief Sun,
Ethylhexylglycerin,YesStyle,Beauty of Joseon Relief Sun,70445-33-9
Adenosine,YesStyle,Beauty of Joseon Relief Sun,58-61-7
Xanthan Gum,YesStyle,Beauty of Joseon Relief Sun,11138-66-2
T-Butyl Alcohol,YesStyle,Beauty of Joseon Relief Sun,75-65-0
Tocopherol,YesStyle,Beauty of Joseon Relief Sun,54-28-4
Oryza Sativa (Rice) Germ Extract,YesStyle,Beauty of Joseon Relief Sun,
Camellia Sinensis Leaf Extract,YesStyle,Beauty of Joseon Relief Sun,84650-60-2
Lactobacillus/Rice Ferment,YesStyle,Beauty of Joseon Relief Sun,
Lactobacillus/Pumpkin Ferment Extract,YesStyle,Beauty of Joseon Relief Sun,
Monascus/Rice Ferment,YesStyle,Beauty of Joseon Relief Sun,
Bacillus/Soybean Ferment Extract,YesStyle,Beauty of Joseon Relief Sun,
Saccharum Officinarum (Sugarcane) Extract,YesStyle,Beauty of Joseon Relief Sun,
Aspergillus Ferment,YesStyle,Beauty of Joseon Relief Sun,
Macrocystis Pyrifera (Kelp) Extract,YesStyle,Beauty of Joseon Relief Sun,
Cocos Nucifera (Coconut) Fruit Extract,YesStyle,Beauty of Joseon Relief Sun,
Panax Ginseng Root Extract,YesStyle,Beauty of Joseon Relief Sun,84650-12-4
Saccharomyces/Rice Ferment Filtrate,YesStyle,Beauty of Joseon Relief Sun,
Water,YesStyle,Purito Wonder Releaf Centella Cream,
Panthenol,YesStyle,Purito Wonder Releaf Centella Cream,81-13-0
Squalane,YesStyle,Purito Wonder Releaf Centella Cream,111-01-3
Butylene Glycol,YesStyle,Purito Wonder Releaf Centella Cream,107-88-0
"1,2-Hexanediol",YesStyle,Purito Wonder Releaf Centella Cream,6920-22-5
Niacinamide,YesStyle,Purito Wonder Releaf Centella Cream,98-92-0
Bambusa Vulgaris Extract,YesStyle,Purito Wonder Releaf Centella Cream,
Hydrolyzed Jojoba Esters,YesStyle,Purito Wonder Releaf Centella Cream,
Acrylates/C10-30 Alkyl Acrylate Crosspolymer,YesStyle,Purito Wonder Releaf Centella Cream,176429-87-1
Ammonium Acryloyldimethyltaurate/VP Copolymer,YesStyle,Purito Wonder Releaf Centella Cream,335383-60-3
Hydroxyacetophenone,YesStyle,Purito Wonder Releaf Centella Cream,99-93-4
Tromethamine,YesStyle,Purito Wonder Releaf Centella Cream,77-86-1
Dipotassium Glycyrrhizate,YesStyle,Purito Wonder Releaf Centella Cream,68797-35-3
Ethylhexylglycerin,YesStyle,Purito Wonder Releaf Centella Cream,70445-33-9
Xanthan Gum,YesStyle,Purito Wonder Releaf Centella Cream,11138-66-2
Disodium EDTA,YesStyle,Purito Wonder Releaf Centella Cream,139-33-3
Sodium Hyaluronate,YesStyle,Purito Wonder Releaf Centella Cream,
Madecassoside,YesStyle,Purito Wonder Releaf Centella Cream,34540-22-2
Asiaticoside,YesStyle,Purito Wonder Releaf Centella Cream,16830-15-2
Asiatic Acid,YesStyle,Purito Wonder Releaf Centella Cream,464-92-6
Madecassic Acid,YesStyle,Purito Wonder Releaf Centella Cream,18449-41-7
Copper Tripeptide-1,YesStyle,Purito Wonder Releaf Centella Cream,89030-95-5
Water,YesStyle,APLB Glutathione Niacinamide Mask,
Centella Asiatica Extract,YesStyle,APLB Glutathione Niacinamide Mask,84696-21-9
Butylene Glycol,YesStyle,APLB Glutathione Niacinamide Mask,107-88-0
Dipropylene Glycol,YesStyle,APLB Glutathione Niacinamide Mask,110-98-5
Nelumbo Nucifera Extract,YesStyle,APLB Glutathione Niacinamide Mask,
Artemisia Annua Extract,YesStyle,APLB Glutathione Niacinamide Mask,
Oryza Sativa (Rice) Extract,YesStyle,APLB Glutathione Niacinamide Mask,
Saccharomyces Ferment,YesStyle,APLB Glutathione Niacinamide Mask,
Niacinamide,YesStyle,APLB Glutathione Niacinamide Mask,98-92-0
Glutathione,YesStyle,APLB Glutathione Niacinamide Mask,
Solanum Melongena (Eggplant) Fruit Extract,YesStyle,APLB Glutathione Niacinamide Mask,
Melaleuca Alternifolia (Tea Tree) Leaf Extract,YesStyle,APLB Glutathione Niacinamide Mask,
Hydrolyzed Collagen,YesStyle,APLB Glutathione Niacinamide Mask,92113-31-0
Beta-Glucan,YesStyle,APLB Glutathione Niacinamide Mask,26874-89-5
Hippophae Rhamnoides Fruit Extract,YesStyle,APLB Glutathione Niacinamide Mask,
Sodium Hyaluronate,YesStyle,APLB Glutathione Niacinamide Mask,
Madecassic Acid,YesStyle,APLB Glutathione Niacinamide Mask,18449-41-7
Asiaticoside,YesStyle,APLB Glutathione Niacinamide Mask,16830-15-2
Asiatic Acid,YesStyle,APLB Glutathione Niacinamide Mask,464-92-6
Squalane,YesStyle,APLB Glutathione Niacinamide Mask,111-01-3
Caprylic/Capric Triglyceride,YesStyle,APLB Glutathione Niacinamide Mask,73398-61-5
Hydrogenated Lecithin,YesStyle,APLB Glutathione Niacinamide Mask,92128-87-5
Glyceryl Stearate,YesStyle,APLB Glutathione Niacinamide Mask,31566-31-1
Propanediol,YesStyle,APLB Glutathione Niacinamide Mask,26264-14-2
Disodium EDTA,YesStyle,APLB Glutathione Niacinamide Mask,139-33-3
Glyceryl Acrylate/Acrylic Acid Copolymer,YesStyle,APLB Glutathione Niacinamide Mask,
Cellulose Gum,YesStyle,APLB Glutathione Niacinamide Mask,9004-32-4
Xanthan Gum,YesStyle,APLB Glutathione Niacinamide Mask,11138-66-2
Inulin,YesStyle,APLB Glutathione Niacinamide Mask,9005-80-5
Cellulose,YesStyle,APLB Glutathione Niacinamide Mask,9004-34-6
Glucose,YesStyle,APLB Glutathione Niacinamide Mask,50-99-7
Fructose,YesStyle,APLB Glutathione Niacinamide Mask,57-48-7
Polyglucuronic Acid,YesStyle,APLB Glutathione Niacinamide Mask,36655-86-4
Hydroxyethyl Urea,YesStyle,APLB Glutathione Niacinamide Mask,1320-51-0
Ethylhexylglycerin,YesStyle,APLB Glutathione Niacinamide Mask,70445-33-9
Hydroxyacetophenone,YesStyle,APLB Glutathione Niacinamide Mask,99-93-4
Hydroxyethyl Acrylate/Sodium Acryloyldimethyl Taurate Copolymer,YesStyle,APLB Glutathione Niacinamide Mask,111286-86-3
Glycerin,YesStyle,APLB Glutathione Niacinamide Mask,56-81-5
Dipotassium Glycyrrhizate,YesStyle,APLB Glutathione Niacinamide Mask,68797-35-3
"1,2-Hexanediol",YesStyle,APLB Glutathione Niacinamide Mask,6920-22-5
Carbomer,YesStyle,APLB Glutathione Niacinamide Mask,9007-20-9
Arginine,YesStyle,APLB Glutathione Niacinamide Mask,74-79-3
Water,YesStyle,Anua Peach 70 Niacin Serum,
Azelaic Acid,YesStyle,Anua Peach 70 Niacin Serum,123-99-9
Propylene Glycol,YesStyle,Anua Peach 70 Niacin Serum,57-55-6
Sodium Hydroxide,YesStyle,Anua Peach 70 Niacin Serum,1310-73-2
Dipropylene Glycol,YesStyle,Anua Peach 70 Niacin Serum,110-98-5
"1,2-Hexanediol",YesStyle,Anua Peach 70 Niacin Serum,6920-22-5
Panthenol,YesStyle,Anua Peach 70 Niacin Serum,81-13-0
Hydroxyethylcellulose,YesStyle,Anua Peach 70 Niacin Serum,9004-62-0
Betaine Salicylate,YesStyle,Anua Peach 70 Niacin Serum,17671-53-3
Glycerin,YesStyle,Anua Peach 70 Niacin Serum,56-81-5
Biosaccharide Gum-1,YesStyle,Anua Peach 70 Niacin Serum,194237-89-3
Ethylhexylglycerin,YesStyle,Anua Peach 70 Niacin Serum,70445-33-9
Allantoin,YesStyle,Anua Peach 70 Niacin Serum,97-59-6
Dipotassium Glycyrrhizate,YesStyle,Anua Peach 70 Niacin Serum,68797-35-3
Melia Azadirachta Leaf Extract,YesStyle,Anua Peach 70 Niacin Serum,
Camellia Sinensis Leaf Water,YesStyle,Anua Peach 70 Niacin Serum,
Sodium Hyaluronate,YesStyle,Anua Peach 70 Niacin Serum,
Melia Azadirachta Flower Extract,YesStyle,Anua Peach 70 Niacin Serum,
Niacinamide,YesStyle,Anua Peach 70 Niacin Serum,98-92-0
Aloe Barbadensis Leaf Juice,YesStyle,Anua Peach 70 Niacin Serum,
Beta-Glucan,YesStyle,Anua Peach 70 Niacin Serum,26874-89-5
Centella Asiatica Extract,YesStyle,Anua Peach 70 Niacin Serum,84696-21-9
Centella Asiatica Leaf Extract,YesStyle,Anua Peach 70 Niacin Serum,
Centella Asiatica Root Extract,YesStyle,Anua Peach 70 Niacin Serum,
Madecassoside,YesStyle,Anua Peach 70 Niacin Serum,34540-22-2
Asiaticoside,YesStyle,Anua Peach 70 Niacin Serum,16830-15-2
Asiatic Acid,YesStyle,Anua Peach 70 Niacin Serum,464-92-6
Madecassic Acid,YesStyle,Anua Peach 70 Niacin Serum,18449-41-7
Squalane,YesStyle,Anua Peach 70 Niacin Serum,111-01-3
Zinc PCA,YesStyle,Anua Peach 70 Niacin Serum,68107-75-5
Butylene Glycol,YesStyle,Anua Peach 70 Niacin Serum,107-88-0
Pentylene Glycol,YesStyle,Anua Peach 70 Niacin Serum,5343-92-0
Caprylyl/Capryl Glucoside,YesStyle,Anua Peach 70 Niacin Serum,
Hydrogenated Lecithin,YesStyle,Anua Peach 70 Niacin Serum,92128-87-5
Ceramide NP,YesStyle,Anua Peach 70 Niacin Serum,72968-43-5
Water,YesStyle,APLB Collagen Peptite Mask,
Centella Asiatica Leaf Water,YesStyle,APLB Collagen Peptite Mask,
Butylene Glycol,YesStyle,APLB Collagen Peptite Mask,107-88-0
Dipropylene Glycol,YesStyle,APLB Collagen Peptite Mask,110-98-5
"1,2-Hexanediol",YesStyle,APLB Collagen Peptite Mask,6920-22-5
Hydroxyethyl Urea,YesStyle,APLB Collagen Peptite Mask,1320-51-0
Propanediol,YesStyle,APLB Collagen Peptite Mask,26264-14-2
Hydroxyethyl Acrylate/Sodium Acryloyldimethyl Taurate Copolymer,YesStyle,APLB Collagen Peptite Mask,111286-86-3
Hydroxyacetophenone,YesStyle,APLB Collagen Peptite Mask,99-93-4
Carbomer,YesStyle,APLB Collagen Peptite Mask,9007-20-9
Arginine,YesStyle,APLB Collagen Peptite Mask,74-79-3
Glycerin,YesStyle,APLB Collagen Peptite Mask,56-81-5
Disodium EDTA,YesStyle,APLB Collagen Peptite Mask,139-33-3
Cellulose Gum,YesStyle,APLB Collagen Peptite Mask,9004-32-4
Dipotassium Glycyrrhizate,YesStyle,APLB Collagen Peptite Mask,68797-35-3
Glyceryl Acrylate/Acrylic Acid Copolymer,YesStyle,APLB Collagen Peptite Mask,
Xanthan Gum,YesStyle,APLB Collagen Peptite Mask,11138-66-2
Inulin,YesStyle,APLB Collagen Peptite Mask,9005-80-5
Cellulose,YesStyle,APLB Collagen Peptite Mask,9004-34-6
Fructose,YesStyle,APLB Collagen Peptite Mask,57-48-7
Glucose,YesStyle,APLB Collagen Peptite Mask,50-99-7
Polyglucuronic Acid,YesStyle,APLB Collagen Peptite Mask,36655-86-4
Hydrolyzed Collagen,YesStyle,APLB Collagen Peptite Mask,92113-31-0
Caprylyl Glycol,YesStyle,APLB Collagen Peptite Mask,1117-86-8
Squalane,YesStyle,APLB Collagen Peptite Mask,111-01-3
Asiaticoside,YesStyle,APLB Collagen Peptite Mask,16830-15-2
Madecassic Acid,YesStyle,APLB Collagen Peptite Mask,18449-41-7
Asiatic Acid,YesStyle,APLB Collagen Peptite Mask,464-92-6
Sodium Hyaluronate,YesStyle,APLB Collagen Peptite Mask,
Melaleuca Alternifolia (Tea Tree) Leaf Extract,YesStyle,APLB Collagen Peptite Mask,
Hippophae Rhamnoides Fruit Extract,YesStyle,APLB Collagen Peptite Mask,
Ethylhexylglycerin,YesStyle,APLB Collagen Peptite Mask,70445-33-9
Beta-Glucan,YesStyle,APLB Collagen Peptite Mask,26874-89-5
Nelumbium Speciosum Flower Extract,YesStyle,APLB Collagen Peptite Mask,
Artemisia Annua Extract,YesStyle,APLB Collagen Peptite Mask,
Oryza Sativa (Rice) Extract,YesStyle,APLB Collagen Peptite Mask,
Saccharomyces Ferment,YesStyle,APLB Collagen Peptite Mask,
Solanum Melongena (Eggplant) Fruit Extract,YesStyle,APLB Collagen Peptite Mask,
sh-Oligopeptide-1,YesStyle,APLB Collagen Peptite Mask,62253-63-8
Water,YesStyle,SKIN1004 Madagascar Centella Ampoule,
"1,2-Hexanediol",YesStyle,SKIN1004 Madagascar Centella Ampoule,6920-22-5
Butylene Glycol,YesStyle,SKIN1004 Madagascar Centella Ampoule,107-88-0
Centella Asiatica Extract,YesStyle,SKIN1004 Madagascar Centella Ampoule,84696-21-9
Panthenol,YesStyle,SKIN1004 Madagascar Centella Ampoule,81-13-0
Xanthan Gum,YesStyle,SKIN1004 Madagascar Centella Ampoule,11138-66-2
Sodium Hyaluronate,YesStyle,SKIN1004 Madagascar Centella Ampoule,
Ethylhexylglycerin,YesStyle,SKIN1004 Madagascar Centella Ampoule,70445-33-9
Disodium EDTA,YesStyle,SKIN1004 Madagascar Centella Ampoule,139-33-3
Citric Acid,YesStyle,SKIN1004 Madagascar Centella Ampoule,77-92-9
Water,YesStyle,SKIN1004 Quick Clay Stick Mask,
Kaolin,YesStyle,SKIN1004 Quick Clay Stick Mask,
Dipropylene Glycol,YesStyle,SKIN1004 Quick Clay Stick Mask,110-98-5
Glycerin,YesStyle,SKIN1004 Quick Clay Stick Mask,56-81-5
Titanium Dioxide (CI 77891),YesStyle,SKIN1004 Quick Clay Stick Mask,
Butylene Glycol,YesStyle,SKIN1004 Quick Clay Stick Mask,107-88-0
Sodium Stearate,YesStyle,SKIN1004 Quick Clay Stick Mask,822-16-2
"1,2-Hexanediol",YesStyle,SKIN1004 Quick Clay Stick Mask,6920-22-5
Aloe Barbadensis Leaf Extract,YesStyle,SKIN1004 Quick Clay Stick Mask,85507-69-3
Phaseolus Angularis Seed Powder,YesStyle,SKIN1004 Quick Clay Stick Mask,
Cetearyl Olivate,YesStyle,SKIN1004 Quick Clay Stick Mask,223706-40-9
Propanediol,YesStyle,SKIN1004 Quick Clay Stick Mask,26264-14-2
Sorbitan Olivate,YesStyle,SKIN1004 Quick Clay Stick Mask,
Dimethicone,YesStyle,SKIN1004 Quick Clay Stick Mask,9006-65-9
Iron Oxides (CI 77491),YesStyle,SKIN1004 Quick Clay Stick Mask,1332-37-2
Centella Asiatica Extract,YesStyle,SKIN1004 Quick Clay Stick Mask,84696-21-9
Ethylhexylglycerin,YesStyle,SKIN1004 Quick Clay Stick Mask,70445-33-9
Sodium Phytate,YesStyle,SKIN1004 Quick Clay Stick Mask,14306-25-3
Bentonite,YesStyle,SKIN1004 Quick Clay Stick Mask,1302-78-9
Illite,YesStyle,SKIN1004 Quick Clay Stick Mask,
Mineral Salts,YesStyle,SKIN1004 Quick Clay Stick Mask,
Montmorillonite,YesStyle,SKIN1004 Quick Clay Stick Mask,1318-93-0
Calamine,YesStyle,SKIN1004 Quick Clay Stick Mask,
Water,Ulta,IT Cosmetics CC+ Nude Glow SPF 40,
Glycerin,Ulta,IT Cosmetics CC+ Nude Glow SPF 40,56-81-5
Caprylyl Methicone,Ulta,IT Cosmetics CC+ Nude Glow SPF 40,17955-88-3
Dimethicone,Ulta,IT Cosmetics CC+ Nude Glow SPF 40,9006-65-9
Butyloctyl Salicylate,Ulta,IT Cosmetics CC+ Nude Glow SPF 40,190085-41-7
Cetyl PEG/PPG-10/1 Dimethicone,Ulta,IT Cosmetics CC+ Nude Glow SPF 40,142321-71-9
Niacinamide,Ulta,IT Cosmetics CC+ Nude Glow SPF 40,98-92-0
Propanediol,Ulta,IT Cosmetics CC+ Nude Glow SPF 40,26264-14-2
Dimethicone/PEG-10/15 Crosspolymer,Ulta,IT Cosmetics CC+ Nude Glow SPF 40,870616-55-0
Synthetic Fluorphlogopite,Ulta,IT Cosmetics CC+ Nude Glow SPF 40,12003-38-2
Phenoxyethanol,Ulta,IT Cosmetics CC+ Nude Glow SPF 40,122-99-6
Sodium Chloride,Ulta,IT Cosmetics CC+ Nude Glow SPF 40,7647-14-5
Butylene Glycol,Ulta,IT Cosmetics CC+ Nude Glow SPF 40,107-88-0
Trimethylsiloxysilicate,Ulta,IT Cosmetics CC+ Nude Glow SPF 40,56275-01-5
Disteardimonium Hectorite,Ulta,IT Cosmetics CC+ Nude Glow SPF 40,97280-96-1
Disodium Stearoyl Glutamate,Ulta,IT Cosmetics CC+ Nude Glow SPF 40,
Fragrance,Ulta,IT Cosmetics CC+ Nude Glow SPF 40,
Chlorphenesin,Ulta,IT Cosmetics CC+ Nude Glow SPF 40,104-29-0
Caprylyl Glycol,Ulta,IT Cosmetics CC+ Nude Glow SPF 40,1117-86-8
Snail Secretion Filtrate,Ulta,IT Cosmetics CC+ Nude Glow SPF 40,
Silica Silylate,Ulta,IT Cosmetics CC+ Nude Glow SPF 40,68909-20-6
Trisodium Ethylenediamine Disuccinate,Ulta,IT Cosmetics CC+ Nude Glow SPF 40,20846-91-7
Limonene,Ulta,IT Cosmetics CC+ Nude Glow SPF 40,138-86-3
Simethicone,Ulta,IT Cosmetics CC+ Nude Glow SPF 40,8050-81-5
Maltodextrin,Ulta,IT Cosmetics CC+ Nude Glow SPF 40,9050-36-6
Aluminum Hydroxide,Ulta,IT Cosmetics CC+ Nude Glow SPF 40,21645-51-2
Adenosine,Ulta,IT Cosmetics CC+ Nude Glow SPF 40,58-61-7
Ethyl Hexanediol,Ulta,IT Cosmetics CC+ Nude Glow SPF 40,94-96-2
Dipropylene Glycol,Ulta,IT Cosmetics CC+ Nude Glow SPF 40,110-98-5
Sodium Hyaluronate,Ulta,IT Cosmetics CC+ Nude Glow SPF 40,
Citral,Ulta,IT Cosmetics CC+ Nude Glow SPF 40,5392-40-5
Linalool,Ulta,IT Cosmetics CC+ Nude Glow SPF 40,78-70-6
Sodium Citrate,Ulta,IT Cosmetics CC+ Nude Glow SPF 40,68-04-2
Camellia Sinensis Leaf Extract,Ulta,IT Cosmetics CC+ Nude Glow SPF 40,84650-60-2
Tocopherol,Ulta,IT Cosmetics CC+ Nude Glow SPF 40,54-28-4
Pentaerythrityl Tetra-Di-T-Butyl Hydroxyhydrocinnamate,Ulta,IT Cosmetics CC+ Nude Glow SPF 40,6683-19-8
Aqua/Water/Eau (La Roche-Posay Prebiotic Thermal Water),Ulta,La Roche-Posay Toleriane Foaming Face Wash,
Glycerin,Ulta,La Roche-Posay Toleriane Foaming Face Wash,56-81-5
Coco-Betaine,Ulta,La Roche-Posay Toleriane Foaming Face Wash,
Propylene Glycol,Ulta,La Roche-Posay Toleriane Foaming Face Wash,57-55-6
Sodium Cocoyl Glycinate,Ulta,La Roche-Posay Toleriane Foaming Face Wash,
PEG-120 Methyl Glucose Dioleate,Ulta,La Roche-Posay Toleriane Foaming Face Wash,
Sodium Chloride,Ulta,La Roche-Posay Toleriane Foaming Face Wash,7647-14-5
Ceramide NP,Ulta,La Roche-Posay Toleriane Foaming Face Wash,72968-43-5
Niacinamide,Ulta,La Roche-Posay Toleriane Foaming Face Wash,98-92-0
Sodium Hydroxide,Ulta,La Roche-Posay Toleriane Foaming Face Wash,1310-73-2
Disodium EDTA,Ulta,La Roche-Posay Toleriane Foaming Face Wash,139-33-3
Capryloyl Glycine,Ulta,La Roche-Posay Toleriane Foaming Face Wash,
Caprylyl Glycol,Ulta,La Roche-Posay Toleriane Foaming Face Wash,1117-86-8
Citric Acid,Ulta,La Roche-Posay Toleriane Foaming Face Wash,77-92-9
Acrylates Copolymer,Ulta,La Roche-Posay Toleriane Foaming Face Wash,25133-97-5
Water/Aqua/Eau,Ulta,Bobbi Brown Vitamin Enriched Face Base,
Cyclopentasiloxane,Ulta,Bobbi Brown Vitamin Enriched Face Base,541-02-6
Bis-Diglyceryl Polyacyladipate-2,Ulta,Bobbi Brown Vitamin Enriched Face Base,82249-33-0
Butylene Glycol,Ulta,Bobbi Brown Vitamin Enriched Face Base,107-88-0
PPG-2 Myristyl Ether Propionate,Ulta,Bobbi Brown Vitamin Enriched Face Base,
Cetyl Alcohol,Ulta,Bobbi Brown Vitamin Enriched Face Base,36653-82-4
PEG-40 Stearate,Ulta,Bobbi Brown Vitamin Enriched Face Base,
Butyrospermum Parkii (Shea Butter),Ulta,Bobbi Brown Vitamin Enriched Face Base,
Squalane,Ulta,Bobbi Brown Vitamin Enriched Face Base,111-01-3
Glyceryl Stearate,Ulta,Bobbi Brown Vitamin Enriched Face Base,31566-31-1
Sorbitan Stearate,Ulta,Bobbi Brown Vitamin Enriched Face Base,1338-41-6
Epilobium Angustifolium Extract,Ulta,Bobbi Brown Vitamin Enriched Face Base,
Yeast Extract/Faex/Extrait De Levure,Ulta,Bobbi Brown Vitamin Enriched Face Base,
Beta-Carotene,Ulta,Bobbi Brown Vitamin Enriched Face Base,
Sodium Hyaluronate,Ulta,Bobbi Brown Vitamin Enriched Face Base,
Citrus Grandis (Grapefruit) Peel Oil,Ulta,Bobbi Brown Vitamin Enriched Face Base,
Tocopheryl Acetate,Ulta,Bobbi Brown Vitamin Enriched Face Base,7695-91-2
Methyl Glucose Sesquistearate,Ulta,Bobbi Brown Vitamin Enriched Face Base,68936-95-8
Pelargonium Graveolens (Geranium) Flower Oil,Ulta,Bobbi Brown Vitamin Enriched Face Base,
Dimethicone Crosspolymer,Ulta,Bobbi Brown Vitamin Enriched Face Base,300-00-5
Acrylates/C10-30 Alkyl Acrylate Crosspolymer,Ulta,Bobbi Brown Vitamin Enriched Face Base,176429-87-1
Carbomer,Ulta,Bobbi Brown Vitamin Enriched Face Base,9007-20-9
PEG-20 Methyl Glucose Sesquistearate,Ulta,Bobbi Brown Vitamin Enriched Face Base,68389-70-8
C12-15 Alkyl Ethylhexanoate,Ulta,Bobbi Brown Vitamin Enriched Face Base,
Tetrasodium EDTA,Ulta,Bobbi Brown Vitamin Enriched Face Base,64-02-8
Sodium Hydroxide,Ulta,Bobbi Brown Vitamin Enriched Face Base,1310-73-2
Panthenol,Ulta,Bobbi Brown Vitamin Enriched Face Base,81-13-0
Magnesium Ascorbyl Phosphate,Ulta,Bobbi Brown Vitamin Enriched Face Base,114040-31-2
Limonene,Ulta,Bobbi Brown Vitamin Enriched Face Base,138-86-3
Citronellol,Ulta,Bobbi Brown Vitamin Enriched Face Base,106-22-9
Geraniol,Ulta,Bobbi Brown Vitamin Enriched Face Base,106-24-1
Linalool,Ulta,Bobbi Brown Vitamin Enriched Face Base,78-70-6
Chlorphenesin,Ulta,Bobbi Brown Vitamin Enriched Face Base,104-29-0
Phenoxyethanol,Ulta,Bobbi Brown Vitamin Enriched Face Base,122-99-6
Polybutene,Ulta,OLEHENRIKSEN Pout Preserve,
Hydrogenated Polydecene,Ulta,OLEHENRIKSEN Pout Preserve,68037-01-4
Bis-Diglyceryl Polyacyladipate-2,Ulta,OLEHENRIKSEN Pout Preserve,82249-33-0
Hydrogenated Styrene/Isoprene Copolymer,Ulta,OLEHENRIKSEN Pout Preserve,
Cera Microcristallina/Microcrystalline Wax/Cire Microcristalline,Ulta,OLEHENRIKSEN Pout Preserve,
Silica,Ulta,OLEHENRIKSEN Pout Preserve,7631-86-9
Rubus Chamaemorus Seed Oil,Ulta,OLEHENRIKSEN Pout Preserve,
Garcinia Indica Seed Butter,Ulta,OLEHENRIKSEN Pout Preserve,
Euterpe Oleracea Sterols,Ulta,OLEHENRIKSEN Pout Preserve,
Palmitoyl Hexapeptide-12,Ulta,OLEHENRIKSEN Pout Preserve,171263-26-6
Palmitoyl Tripeptide-1,Ulta,OLEHENRIKSEN Pout Preserve,147732-56-7
Tocopheryl Acetate,Ulta,OLEHENRIKSEN Pout Preserve,7695-91-2
Tocopherol,Ulta,OLEHENRIKSEN Pout Preserve,54-28-4
Irvingia Gabonensis Kernel Butter,Ulta,OLEHENRIKSEN Pout Preserve,
Citrus Aurantium Dulcis (Orange) Peel Wax,Ulta,OLEHENRIKSEN Pout Preserve,
Linoleic Acid,Ulta,OLEHENRIKSEN Pout Preserve,60-33-3
Linolenic Acid,Ulta,OLEHENRIKSEN Pout Preserve,463-40-1
Oleic Acid,Ulta,OLEHENRIKSEN Pout Preserve,112-80-1
Lactic Acid,Ulta,OLEHENRIKSEN Pout Preserve,50-21-5
Helianthus Annuus (Sunflower) Seed Oil,Ulta,OLEHENRIKSEN Pout Preserve,
Caprylic/Capric Triglyceride,Ulta,OLEHENRIKSEN Pout Preserve,73398-61-5
Cera Carnauba/Copernicia Cerifera (Carnauba) Wax/Cire De Carnauba,Ulta,OLEHENRIKSEN Pout Preserve,
Hydrogenated Coco-Glycerides,Ulta,OLEHENRIKSEN Pout Preserve,91744-42-2
Sorbitan Isostearate,Ulta,OLEHENRIKSEN Pout Preserve,71902-01-7
Pentaerythrityl Tetraisostearate,Ulta,OLEHENRIKSEN Pout Preserve,62125-22-8
Pentaerythrityl Tetra-Di-T-Butyl Hydroxyhydrocinnamate,Ulta,OLEHENRIKSEN Pout Preserve,6683-19-8
Octyldodecanol,Ulta,OLEHENRIKSEN Pout Preserve,5333-42-6
Ethylhexyl Palmitate,Ulta,OLEHENRIKSEN Pout Preserve,29806-73-3
Dicalcium Phosphate,Ulta,OLEHENRIKSEN Pout Preserve,
Tribehenin,Ulta,OLEHENRIKSEN Pout Preserve,18641-57-1
Propylene Carbonate,Ulta,OLEHENRIKSEN Pout Preserve,
Stearalkonium Hectorite,Ulta,OLEHENRIKSEN Pout Preserve,
Sodium Saccharin,Ulta,OLEHENRIKSEN Pout Preserve,
Parfum/Fragrance,Ulta,OLEHENRIKSEN Pout Preserve,
Benzaldehyde,Ulta,OLEHENRIKSEN Pout Preserve,
Citrus Aurantium Peel Oil,Ulta,OLEHENRIKSEN Pout Preserve,
Geranyl Acetate,Ulta,OLEHENRIKSEN Pout Preserve,
Limonene,Ulta,OLEHENRIKSEN Pout Preserve,138-86-3
Pinene,Ulta,OLEHENRIKSEN Pout Preserve,
Terpineol,Ulta,OLEHENRIKSEN Pout Preserve,
"Iron Oxides (CI 77491, CI 77492)",Ulta,OLEHENRIKSEN Pout Preserve,1332-37-2
Titanium Dioxide (CI 77891),Ulta,OLEHENRIKSEN Pout Preserve,
Water,Ulta,bareMinerals Tinted Moisturizer,
Coconut Alkanes,Ulta,bareMinerals Tinted Moisturizer,112-40-3
Propanediol,Ulta,bareMinerals Tinted Moisturizer,26264-14-2
Silica,Ulta,bareMinerals Tinted Moisturizer,7631-86-9
Squalane,Ulta,bareMinerals Tinted Moisturizer,111-01-3
Trehalose,Ulta,bareMinerals Tinted Moisturizer,99-20-7
Kaolin,Ulta,bareMinerals Tinted Moisturizer,
Agar,Ulta,bareMinerals Tinted Moisturizer,
Isostearic Acid,Ulta,bareMinerals Tinted Moisturizer,30399-84-9
Polysorbate 60,Ulta,bareMinerals Tinted Moisturizer,9005-67-8
Sorbitan Sesquiisostearate,Ulta,bareMinerals Tinted Moisturizer,71812-38-9
Hydrolyzed Hyaluronic Acid,Ulta,bareMinerals Tinted Moisturizer,
Salicornia Herbacea Extract,Ulta,bareMinerals Tinted Moisturizer,91845-47-5
Caprylic/Capric Triglyceride,Ulta,bareMinerals Tinted Moisturizer,73398-61-5
Theobroma Cacao (Cocoa) Seed Extract,Ulta,bareMinerals Tinted Moisturizer,
Camellia Japonica Flower Extract,Ulta,bareMinerals Tinted Moisturizer,
Chlorella Vulgaris Extract,Ulta,bareMinerals Tinted Moisturizer,
Polyglyceryl-4 Laurate/Succinate,Ulta,bareMinerals Tinted Moisturizer,
Aluminum Hydroxide,Ulta,bareMinerals Tinted Moisturizer,21645-51-2
Phenoxyethanol,Ulta,bareMinerals Tinted Moisturizer,122-99-6
Coco-Caprylate/Caprate,Ulta,bareMinerals Tinted Moisturizer,
Glycerin,Ulta,bareMinerals Tinted Moisturizer,56-81-5
Hydrogen Dimethicone,Ulta,bareMinerals Tinted Moisturizer,68037-59-2
Magnesium Stearate,Ulta,bareMinerals Tinted Moisturizer,
Chlorphenesin,Ulta,bareMinerals Tinted Moisturizer,104-29-0
Cellulose Gum,Ulta,bareMinerals Tinted Moisturizer,9004-32-4
Butylene Glycol,Ulta,bareMinerals Tinted Moisturizer,107-88-0
Succinoglycan,Ulta,bareMinerals Tinted Moisturizer,
Lauroyl Lysine,Ulta,bareMinerals Tinted Moisturizer,
Sodium PCA,Ulta,bareMinerals Tinted Moisturizer,28874-51-3
"1,2-Hexanediol",Ulta,bareMinerals Tinted Moisturizer,6920-22-5
Calcium Chloride,Ulta,bareMinerals Tinted Moisturizer,
Magnesium Chloride,Ulta,bareMinerals Tinted Moisturizer,7786-30-3
Biosaccharide Gum-4,Ulta,bareMinerals Tinted Moisturizer,
Potassium Chloride,Ulta,bareMinerals Tinted Moisturizer,
Melilotus Officinalis Extract,Ulta,bareMinerals Tinted Moisturizer,
Magnesium Oxide,Ulta,bareMinerals Tinted Moisturizer,
Lactic Acid,Ulta,bareMinerals Tinted Moisturizer,50-21-5
Alumina,Ulta,bareMinerals Tinted Moisturizer,1344-28-1
"Iron Oxides (CI 77491, CI 77492, CI 77499)",Ulta,bareMinerals Tinted Moisturizer,1332-37-2
Titanium Dioxide (CI 77891),Ulta,bareMinerals Tinted Moisturizer,
Titanium Dioxide 6.9%,Ulta,bareMinerals Tinted Moisturizer,
Aqua (Water),Ulta,The Ordinary Glycolic Acid 7% Exfoliating Toner,
Glycolic Acid,Ulta,The Ordinary Glycolic Acid 7% Exfoliating Toner,79-14-1
Rosa Damascena Flower Water,Ulta,The Ordinary Glycolic Acid 7% Exfoliating Toner,
Centaurea Cyanus Flower Water,Ulta,The Ordinary Glycolic Acid 7% Exfoliating Toner,84012-18-0
Aloe Barbadensis Leaf Water,Ulta,The Ordinary Glycolic Acid 7% Exfoliating Toner,
Propanediol,Ulta,The Ordinary Glycolic Acid 7% Exfoliating Toner,26264-14-2
Glycerin,Ulta,The Ordinary Glycolic Acid 7% Exfoliating Toner,56-81-5
Triethanolamine,Ulta,The Ordinary Glycolic Acid 7% Exfoliating Toner,102-71-6
Aminomethyl Propanol,Ulta,The Ordinary Glycolic Acid 7% Exfoliating Toner,124-68-5
Panax Ginseng Root Extract,Ulta,The Ordinary Glycolic Acid 7% Exfoliating Toner,84650-12-4
Tasmannia Lanceolata Fruit/Leaf Extract,Ulta,The Ordinary Glycolic Acid 7% Exfoliating Toner,183815-52-3
Aspartic Acid,Ulta,The Ordinary Glycolic Acid 7% Exfoliating Toner,56-84-8
Alanine,Ulta,The Ordinary Glycolic Acid 7% Exfoliating Toner,302-72-7
Glycine,Ulta,The Ordinary Glycolic Acid 7% Exfoliating Toner,56-40-6
Serine,Ulta,The Ordinary Glycolic Acid 7% Exfoliating Toner,302-84-1
Valine,Ulta,The Ordinary Glycolic Acid 7% Exfoliating Toner,516-06-3
Isoleucine,Ulta,The Ordinary Glycolic Acid 7% Exfoliating Toner,73-32-5
Proline,Ulta,The Ordinary Glycolic Acid 7% Exfoliating Toner,609-36-9
Threonine,Ulta,The Ordinary Glycolic Acid 7% Exfoliating Toner,80-68-2
Histidine,Ulta,The Ordinary Glycolic Acid 7% Exfoliating Toner,71-00-1
Phenylalanine,Ulta,The Ordinary Glycolic Acid 7% Exfoliating Toner,150-30-1
Glutamic Acid,Ulta,The Ordinary Glycolic Acid 7% Exfoliating Toner,56-86-0
Arginine,Ulta,The Ordinary Glycolic Acid 7% Exfoliating Toner,74-79-3
PCA,Ulta,The Ordinary Glycolic Acid 7% Exfoliating Toner,98-79-3
Sodium PCA,Ulta,The Ordinary Glycolic Acid 7% Exfoliating Toner,28874-51-3
Sodium Lactate,Ulta,The Ordinary Glycolic Acid 7% Exfoliating Toner,72-17-3
Fructose,Ulta,The Ordinary Glycolic Acid 7% Exfoliating Toner,57-48-7
Glucose,Ulta,The Ordinary Glycolic Acid 7% Exfoliating Toner,50-99-7
Sucrose,Ulta,The Ordinary Glycolic Acid 7% Exfoliating Toner,57-50-1
Urea,Ulta,The Ordinary Glycolic Acid 7% Exfoliating Toner,57-13-6
Hexyl Nicotinate,Ulta,The Ordinary Glycolic Acid 7% Exfoliating Toner,23597-82-2
Dextrin,Ulta,The Ordinary Glycolic Acid 7% Exfoliating Toner,9004-53-9
Citric Acid,Ulta,The Ordinary Glycolic Acid 7% Exfoliating Toner,77-92-9
Polysorbate 20,Ulta,The Ordinary Glycolic Acid 7% Exfoliating Toner,9005-64-5
Gellan Gum,Ulta,The Ordinary Glycolic Acid 7% Exfoliating Toner,
Trisodium Ethylenediamine Disuccinate,Ulta,The Ordinary Glycolic Acid 7% Exfoliating Toner,20846-91-7
Sodium Chloride,Ulta,The Ordinary Glycolic Acid 7% Exfoliating Toner,7647-14-5
Hexylene Glycol,Ulta,The Ordinary Glycolic Acid 7% Exfoliating Toner,107-41-5
Potassium Sorbate,Ulta,The Ordinary Glycolic Acid 7% Exfoliating Toner,24634-61-5
Sodium Benzoate,Ulta,The Ordinary Glycolic Acid 7% Exfoliating Toner,532-32-1
"1,2-Hexanediol",Ulta,The Ordinary Glycolic Acid 7% Exfoliating Toner,6920-22-5
Caprylyl Glycol,Ulta,The Ordinary Glycolic Acid 7% Exfoliating Toner,1117-86-8
Water/Aqua/Eau,Ulta,Clinique Even Better Makeup SPF 15,
Methyl Trimethicone,Ulta,Clinique Even Better Makeup SPF 15,17928-28-8
Phenyl Trimethicone,Ulta,Clinique Even Better Makeup SPF 15,2116-84-9
Dimethicone,Ulta,Clinique Even Better Makeup SPF 15,9006-65-9
Triethylhexanoin,Ulta,Clinique Even Better Makeup SPF 15,7360-38-5
Butylene Glycol,Ulta,Clinique Even Better Makeup SPF 15,107-88-0
Trimethylsiloxysilicate,Ulta,Clinique Even Better Makeup SPF 15,56275-01-5
Yeast Extract/Faex/Extrait De Levure,Ulta,Clinique Even Better Makeup SPF 15,
PEG-10 Dimethicone,Ulta,Clinique Even Better Makeup SPF 15,68937-54-2
Lauryl PEG-9 Polydimethylsiloxyethyl Dimethicone,Ulta,Clinique Even Better Makeup SPF 15,1178566-90-9
Alumina,Ulta,Clinique Even Better Makeup SPF 15,1344-28-1
Citrus Grandis (Grapefruit) Peel Extract,Ulta,Clinique Even Better Makeup SPF 15,
Betula Alba (Birch) Bark Extract,Ulta,Clinique Even Better Makeup SPF 15,
Saccharomyces Lysate Extract,Ulta,Clinique Even Better Makeup SPF 15,
Astrocaryum Murumuru Seed Butter,Ulta,Clinique Even Better Makeup SPF 15,
C12-15 Alkyl Benzoate,Ulta,Clinique Even Better Makeup SPF 15,68411-27-8
Glycerin,Ulta,Clinique Even Better Makeup SPF 15,56-81-5
Sodium Myristoyl Sarcosinate,Ulta,Clinique Even Better Makeup SPF 15,
Acetyl Glucosamine,Ulta,Clinique Even Better Makeup SPF 15,10036-64-3
Caprylyl Methicone,Ulta,Clinique Even Better Makeup SPF 15,17955-88-3
Methicone,Ulta,Clinique Even Better Makeup SPF 15,70761-33-0
Polyglyceryl-6 Polyricinoleate,Ulta,Clinique Even Better Makeup SPF 15,107615-51-0
Disteardimonium Hectorite,Ulta,Clinique Even Better Makeup SPF 15,97280-96-1
Dimethicone Crosspolymer-3,Ulta,Clinique Even Better Makeup SPF 15,
Isopropyl Titanium Triisostearate,Ulta,Clinique Even Better Makeup SPF 15,
Lecithin,Ulta,Clinique Even Better Makeup SPF 15,8002-43-5
Laureth-7,Ulta,Clinique Even Better Makeup SPF 15,3055-97-8
Tocopheryl Acetate,Ulta,Clinique Even Better Makeup SPF 15,7695-91-2
Magnesium Ascorbyl Phosphate,Ulta,Clinique Even Better Makeup SPF 15,114040-31-2
Dimethicone/PEG-10/15 Crosspolymer,Ulta,Clinique Even Better Makeup SPF 15,870616-55-0
Dipropylene Glycol,Ulta,Clinique Even Better Makeup SPF 15,110-98-5
Sodium Chloride,Ulta,Clinique Even Better Makeup SPF 15,7647-14-5
Caprylyl Glycol,Ulta,Clinique Even Better Makeup SPF 15,1117-86-8
Tetrahexyldecyl Ascorbate,Ulta,Clinique Even Better Makeup SPF 15,183476-82-6
Disodium EDTA,Ulta,Clinique Even Better Makeup SPF 15,139-33-3
Phenoxyethanol,Ulta,Clinique Even Better Makeup SPF 15,122-99-6
Polyaminopropyl Biguanide,Ulta,Clinique Even Better Makeup SPF 15,
Titanium Dioxide (CI 77891),Ulta,Clinique Even Better Makeup SPF 15,
"Iron Oxides (CI 77491, CI 77492, CI 77499)",Ulta,Clinique Even Better Makeup SPF 15,1332-37-2
Mica,Ulta,Clinique Even Better Makeup SPF 15,12001-26-2
Bismuth Oxychloride (CI 77163),Ulta,Clinique Even Better Makeup SPF 15,
Octinoxate 5.90%,Ulta,Clinique Even Better Makeup SPF 15,
Titanium Dioxide 3.50%,Ulta,Clinique Even Better Makeup SPF 15,
Zinc Oxide 2.80%,Ulta,Clinique Even Better Makeup SPF 15,
Water,Ulta,medicube Zero Pore Pad 2.0,
Methylpropanediol,Ulta,medicube Zero Pore Pad 2.0,2163-42-0
Trometamine,Ulta,medicube Zero Pore Pad 2.0,
Lactic Acid,Ulta,medicube Zero Pore Pad 2.0,50-21-5
Alcohol Denat.,Ulta,medicube Zero Pore Pad 2.0,
"1,2-Hexanediol",Ulta,medicube Zero Pore Pad 2.0,6920-22-5
Panthenol,Ulta,medicube Zero Pore Pad 2.0,81-13-0
Glycereth-26,Ulta,medicube Zero Pore Pad 2.0,31694-55-0
Salicylic Acid,Ulta,medicube Zero Pore Pad 2.0,69-72-7
Ammonium Acryloyldimethyltaurate/VP Copolymer,Ulta,medicube Zero Pore Pad 2.0,335383-60-3
Betaine,Ulta,medicube Zero Pore Pad 2.0,107-43-7
Trehalose,Ulta,medicube Zero Pore Pad 2.0,99-20-7
Polyglyceryl-10 Laurate,Ulta,medicube Zero Pore Pad 2.0,34406-66-1
Ethylhexylglycerin,Ulta,medicube Zero Pore Pad 2.0,70445-33-9
Glycerin,Ulta,medicube Zero Pore Pad 2.0,56-81-5
Allantoin,Ulta,medicube Zero Pore Pad 2.0,97-59-6
Polyglyceryl-10 Myristate,Ulta,medicube Zero Pore Pad 2.0,
Disodium EDTA,Ulta,medicube Zero Pore Pad 2.0,139-33-3
Butylene Glycol,Ulta,medicube Zero Pore Pad 2.0,107-88-0
Sodium Hyaluronate,Ulta,medicube Zero Pore Pad 2.0,
Betaine Salicylate,Ulta,medicube Zero Pore Pad 2.0,17671-53-3
Citrus Aurantium Dulcis (Orange) Peel Oil,Ulta,medicube Zero Pore Pad 2.0,
Citrus Limon (Lemon) Peel Oil,Ulta,medicube Zero Pore Pad 2.0,
Citrus Grandis (Grapefruit) Peel Oil,Ulta,medicube Zero Pore Pad 2.0,
Citrus Aurantium Bergamia (Bergamot) Fruit Oil,Ulta,medicube Zero Pore Pad 2.0,
Rosmarinus Officinalis (Rosemary) Leaf Oil,Ulta,medicube Zero Pore Pad 2.0,
Eucalyptus Globulus Leaf Oil,Ulta,medicube Zero Pore Pad 2.0,
Lavandula Angustifolia (Lavender) Oil,Ulta,medicube Zero Pore Pad 2.0,
Vitis Vinifera (Grape) Fruit Extract,Ulta,medicube Zero Pore Pad 2.0,
Citrus Aurantifolia (Lime) Fruit Extract,Ulta,medicube Zero Pore Pad 2.0,
Citrus Limon (Lemon) Fruit Extract,Ulta,medicube Zero Pore Pad 2.0,
Pyrus Malus (Apple) Fruit Extract,Ulta,medicube Zero Pore Pad 2.0,
Citrus Aurantium Dulcis (Orange) Fruit Extract,Ulta,medicube Zero Pore Pad 2.0,
Ethyl Hexanediol,Ulta,medicube Zero Pore Pad 2.0,94-96-2
Centella Asiatica Extract,Ulta,medicube Zero Pore Pad 2.0,84696-21-9
Salix Alba (Willow) Bark Extract,Ulta,medicube Zero Pore Pad 2.0,
Origanum Vulgare Leaf Extract,Ulta,medicube Zero Pore Pad 2.0,
Chamaecyparis Obtusa Leaf Extract,Ulta,medicube Zero Pore Pad 2.0,
Lactobacillus/Soybean Ferment Extract,Ulta,medicube Zero Pore Pad 2.0,
Cinnamomum Cassia Bark Extract,Ulta,medicube Zero Pore Pad 2.0,
Scutellaria Baicalensis Root Extract,Ulta,medicube Zero Pore Pad 2.0,94279-99-9
Portulaca Oleracea Extract,Ulta,medicube Zero Pore Pad 2.0,90083-07-1
Oenothera Biennis (Evening Primrose) Flower Extract,Ulta,medicube Zero Pore Pad 2.0,
Pinus Palustris Leaf Extract,Ulta,medicube Zero Pore Pad 2.0,
Ulmus Davidiana Root Extract,Ulta,medicube Zero Pore Pad 2.0,
Pueraria Lobata Root Extract,Ulta,medicube Zero Pore Pad 2.0,
Limonene,Ulta,medicube Zero Pore Pad 2.0,138-86-3
Aqua/Water/Eau,Ulta,TATCHA The Dewy Skin Cream,
Saccharomyces/Rice Ferment Filtrate,Ulta,TATCHA The Dewy Skin Cream,
Glycerin,Ulta,TATCHA The Dewy Skin Cream,56-81-5
Propanediol,Ulta,TATCHA The Dewy Skin Cream,26264-14-2
Dimethicone,Ulta,TATCHA The Dewy Skin Cream,9006-65-9
Squalane,Ulta,TATCHA The Dewy Skin Cream,111-01-3
Diisostearyl Malate,Ulta,TATCHA The Dewy Skin Cream,
Behenyl Alcohol,Ulta,TATCHA The Dewy Skin Cream,661-19-8
Myristyl Myristate,Ulta,TATCHA The Dewy Skin Cream,3234-85-3
Dipentaerythrityl Hexahydroxystearate,Ulta,TATCHA The Dewy Skin Cream,
Bis-Diglyceryl Polyacyladipate-2,Ulta,TATCHA The Dewy Skin Cream,82249-33-0
Tridecyl Trimellitate,Ulta,TATCHA The Dewy Skin Cream,94109-09-8
Inositol,Ulta,TATCHA The Dewy Skin Cream,
Sorbitan Tristearate,Ulta,TATCHA The Dewy Skin Cream,
Beheneth-20,Ulta,TATCHA The Dewy Skin Cream,
Camellia Sinensis Leaf Extract,Ulta,TATCHA The Dewy Skin Cream,84650-60-2
Cladosiphon Okamuranus Extract,Ulta,TATCHA The Dewy Skin Cream,
Chondrus Crispus Extract,Ulta,TATCHA The Dewy Skin Cream,
Betaphycus Gelatinum Extract,Ulta,TATCHA The Dewy Skin Cream,
Oryza Sativa (Rice) Bran Extract,Ulta,TATCHA The Dewy Skin Cream,
Panax Ginseng Root Extract,Ulta,TATCHA The Dewy Skin Cream,84650-12-4
Origanum Majorana Leaf Extract,Ulta,TATCHA The Dewy Skin Cream,
Thymus Serpyllum Extract,Ulta,TATCHA The Dewy Skin Cream,
Malva Sylvestris (Mallow) Flower Extract,Ulta,TATCHA The Dewy Skin Cream,
Sodium Hyaluronate,Ulta,TATCHA The Dewy Skin Cream,
Gold,Ulta,TATCHA The Dewy Skin Cream,
Sericin,Ulta,TATCHA The Dewy Skin Cream,
Phytosteryl Macadamiate,Ulta,TATCHA The Dewy Skin Cream,68990-51-2
Tocopherol,Ulta,TATCHA The Dewy Skin Cream,54-28-4
Hydroxyethyl Acrylate/Sodium Acryloyldimethyl Taurate Copolymer,Ulta,TATCHA The Dewy Skin Cream,111286-86-3
Sorbitan Isostearate,Ulta,TATCHA The Dewy Skin Cream,71902-01-7
Polysorbate 60,Ulta,TATCHA The Dewy Skin Cream,9005-67-8
Butylene Glycol,Ulta,TATCHA The Dewy Skin Cream,107-88-0
Dimethicone/Vinyl Dimethicone Crosspolymer,Ulta,TATCHA The Dewy Skin Cream,243137-53-3
Sodium Benzoate,Ulta,TATCHA The Dewy Skin Cream,532-32-1
Gluconolactone,Ulta,TATCHA The Dewy Skin Cream,90-80-2
Ethylhexylglycerin,Ulta,TATCHA The Dewy Skin Cream,70445-33-9
Parfum/Fragrance,Ulta,TATCHA The Dewy Skin Cream,
Alcohol,Ulta,TATCHA The Dewy Skin Cream,64-17-5
Phenoxyethanol,Ulta,TATCHA The Dewy Skin Cream,122-99-6
Citral,Ulta,TATCHA The Dewy Skin Cream,5392-40-5
Limonene,Ulta,TATCHA The Dewy Skin Cream,138-86-3
Linalool,Ulta,TATCHA The Dewy Skin Cream,78-70-6
Mica,Ulta,TATCHA The Dewy Skin Cream,12001-26-2
Tin Oxide,Ulta,TATCHA The Dewy Skin Cream,18282-10-5
Titanium Dioxide (CI 77891),Ulta,TATCHA The Dewy Skin Cream,
Violet 2 (CI 60725),Ulta,TATCHA The Dewy Skin Cream,
Water (La Roche-Posay Prebiotic Thermal Water),Ulta,La Roche-Posay Toleriane Double Repair,
Glycerin,Ulta,La Roche-Posay Toleriane Double Repair,56-81-5
Dimethicone,Ulta,La Roche-Posay Toleriane Double Repair,9006-65-9
Hydrogenated Polyisobutene,Ulta,La Roche-Posay Toleriane Double Repair,40921-86-6
Niacinamide,Ulta,La Roche-Posay Toleriane Double Repair,98-92-0
Ammonium Polyacryloyldimethyl Taurate,Ulta,La Roche-Posay Toleriane Double Repair,62152-14-1
Myristyl Myristate,Ulta,La Roche-Posay Toleriane Double Repair,3234-85-3
Stearic Acid,Ulta,La Roche-Posay Toleriane Double Repair,57-11-4
Ceramide NP,Ulta,La Roche-Posay Toleriane Double Repair,72968-43-5
Potassium Cetyl Phosphate,Ulta,La Roche-Posay Toleriane Double Repair,84861-79-0
Isobutane,Ulta,La Roche-Posay Toleriane Double Repair,75-28-5
Glyceryl Stearate SE,Ulta,La Roche-Posay Toleriane Double Repair,11099-07-3
Sodium Hydroxide,Ulta,La Roche-Posay Toleriane Double Repair,1310-73-2
Myristic Acid,Ulta,La Roche-Posay Toleriane Double Repair,544-63-8
Palmitic Acid,Ulta,La Roche-Posay Toleriane Double Repair,57-10-3
Capryloyl Glycine,Ulta,La Roche-Posay Toleriane Double Repair,
Caprylyl Glycol,Ulta,La Roche-Posay Toleriane Double Repair,1117-86-8
Xanthan Gum,Ulta,La Roche-Posay Toleriane Double Repair,11138-66-2
T-Butyl Alcohol,Ulta,La Roche-Posay Toleriane Double Repair,75-65-0
Acrylonitrile,Ulta,La Roche-Posay Toleriane Double Repair,
Methyl Methacrylate,Ulta,La Roche-Posay Toleriane Double Repair,
Vinylidene Chloride Copolymer,Ulta,La Roche-Posay Toleriane Double Repair,
Tocopherol,Ulta,La Roche-Posay Toleriane Double Repair,54-28-4
