url,name,cas_number,ec_number
https://incidecoder.com/ingredients/1-2-hexanediol,"1,2-Hexanediol",6920-22-5,230-029-6
https://incidecoder.com/ingredients/4-methylbenzylidene-camphor,4-Methylbenzylidene Camphor,36861-47-9,253-242-6
https://incidecoder.com/ingredients/4-t-butylcyclohexanol,4-T-Butylcyclohexanol,98-52-2,202-676-4
https://incidecoder.com/ingredients/acacia-decurrens-flower-wax,Acacia Decurrens Flower Wax,,
https://incidecoder.com/ingredients/acacia-decurrens-jojoba-sunflower-seed-wax-polyglyceryl-3-esters,Acacia Decurrens/Jojoba/ Sunflower Seed Wax Polyglyceryl-3 Esters,,
https://incidecoder.com/ingredients/acacia-senegal-gum,Acacia Senegal Gum,9000-01-5,232-519-5
https://incidecoder.com/ingredients/acer-saccharum-extract,Acer Saccharum Extract,91770-22-8,294-807-7
https://incidecoder.com/ingredients/acetamidoethoxyethanol,Acetamidoethoxyethanol,118974-46-2,
https://incidecoder.com/ingredients/acetic-acid,Acetic Acid,64-19-7,200-580-7
https://incidecoder.com/ingredients/acetyl-dipeptide-1-cetyl-ester,Acetyl Dipeptide-1 Cetyl Ester,,
https://incidecoder.com/ingredients/acetyl-glucosamine,Acetyl Glucosamine,10036-64-3,233-115-1
https://incidecoder.com/ingredients/acetyl-glycyl-beta-alanine,Acetyl Glycyl Beta-Alanine,1016788-34-3,
https://incidecoder.com/ingredients/acetyl-hexapeptide-1,Acetyl Hexapeptide-1,,
https://incidecoder.com/ingredients/acetyl-hexapeptide-8,Acetyl Hexapeptide-8,616204-22-9,
https://incidecoder.com/ingredients/acetyl-octapeptide-3,Acetyl Octapeptide-3,,
https://incidecoder.com/ingredients/acetyl-tetrapeptide-2,Acetyl Tetrapeptide-2,,
https://incidecoder.com/ingredients/acetyl-tetrapeptide-3,Acetyl Tetrapeptide-3,,
https://incidecoder.com/ingredients/acetyl-tetrapeptide-5,Acetyl Tetrapeptide-5,,
https://incidecoder.com/ingredients/acetylarginyltryptophyl-diphenylglycine,Acetylarginyltryptophyl Diphenylglycine,,
https://incidecoder.com/ingredients/acrylates-copolymer,Acrylates Copolymer,25133-97-5,
https://incidecoder.com/ingredients/acrylates-c10-30-alkyl-acrylate-crosspolymer,Acrylates/C10-30 Alkyl Acrylate Crosspolymer,,
https://incidecoder.com/ingredients/acrylates-c12-22-alkyl-methacrylate-copolymer,Acrylates/C12-22 Alkyl Methacrylate Copolymer,,
https://incidecoder.com/ingredients/acrylates-dimethicone-copolymer,Acrylates/Dimethicone Copolymer,,
https://incidecoder.com/ingredients/acrylates-ethylhexyl-acrylate-crosspolymer,Acrylates/Ethylhexyl Acrylate Crosspolymer,,
https://incidecoder.com/ingredients/acrylonitrile-methyl-methacrylate-vinylidene-chloride-copolymer,Acrylonitrile/Methyl Methacrylate/Vinylidene Chloride Copolymer,25214-39-5,
https://incidecoder.com/ingredients/adansonia-digitata-seed-oil,Adansonia Digitata Seed Oil,91745-12-9,294-680-8
https://incidecoder.com/ingredients/adenosine,Adenosine,58-61-7,200-389-9
https://incidecoder.com/ingredients/adipic-acid-neopentyl-glycol-crosspolymer,Adipic Acid/Neopentyl Glycol Crosspolymer,,
https://incidecoder.com/ingredients/aesculus-hippocastanum-seed-extract,Aesculus Hippocastanum Seed Extract,8053-39-2,232-497-7
https://incidecoder.com/ingredients/agonis-fragrans-branch-leaf-oil,Agonis Fragrans Branch/Leaf Oil,,
https://incidecoder.com/ingredients/ahnfeltia-concinna-extract,Ahnfeltia Concinna Extract,,
https://incidecoder.com/ingredients/alanine,Alanine,302-72-7,206-126-4
https://incidecoder.com/ingredients/alcohol,Alcohol,64-17-5,200-578-6
https://incidecoder.com/ingredients/alcohol-denat,Alcohol Denat.,,
https://incidecoder.com/ingredients/aleurites-moluccana-seed-oil,Aleurites Moluccana Seed Oil,,
https://incidecoder.com/ingredients/algae-extract,Algae Extract,92128-82-0,295-780-4
https://incidecoder.com/ingredients/algin,Algin,9005-38-3,
https://incidecoder.com/ingredients/allantoin,Allantoin,97-59-6,202-592-8
https://incidecoder.com/ingredients/allium-cepa-bulb-extract,Allium Cepa Bulb Extract,8054-39-5,232-498-2
https://incidecoder.com/ingredients/aloe-barbadensis-leaf-extract,Aloe Barbadensis Leaf Extract,85507-69-3,287-390-8
https://incidecoder.com/ingredients/aloe-barbadensis-leaf-juice,Aloe Barbadensis Leaf Juice,85507-69-3,287-390-8
https://incidecoder.com/ingredients/aloe-barbadensis-leaf-juice-powder,Aloe Barbadensis Leaf Juice Powder,85507-69-3,287-390-8
https://incidecoder.com/ingredients/alpaflor-r-edelweiss-ep,Alpaflor® Edelweiss Ep,,
https://incidecoder.com/ingredients/alpha-arbutin,Alpha-Arbutin,84380-01-8,283-934-3
https://incidecoder.com/ingredients/alpha-glucan-oligosaccharide,Alpha-Glucan Oligosaccharide,,
https://incidecoder.com/ingredients/alpha-isomethyl-ionone,Alpha-Isomethyl Ionone,127-51-5,204-846-3
https://incidecoder.com/ingredients/alteromonas-ferment-extract,Alteromonas Ferment Extract,,
https://incidecoder.com/ingredients/alteromonas-ferment-filtrate,Alteromonas Ferment Filtrate,,
https://incidecoder.com/ingredients/alumina,Alumina,1344-28-1,215-691-6
https://incidecoder.com/ingredients/aluminum-hydroxide,Aluminum Hydroxide,21645-51-2,244-492-7
https://incidecoder.com/ingredients/aluminum-starch-octenylsuccinate,Aluminum Starch Octenylsuccinate,9087-61-0,
https://incidecoder.com/ingredients/amaranthus-caudatus-seed-extract,Amaranthus Caudatus Seed Extract,223747-79-3,
https://incidecoder.com/ingredients/aminomethyl-propanol,Aminomethyl Propanol,124-68-5,204-709-8
https://incidecoder.com/ingredients/aminopropyl-ascorbyl-phosphate,Aminopropyl Ascorbyl Phosphate,,
https://incidecoder.com/ingredients/ammonium-acryloyldimethyltaurate-vp-copolymer,Ammonium Acryloyldimethyltaurate/VP Copolymer,,
https://incidecoder.com/ingredients/ammonium-glycolate,Ammonium Glycolate,35249-89-9,
https://incidecoder.com/ingredients/ammonium-lauryl-sulfate,Ammonium Lauryl Sulfate,2235-54-3,218-793-9
https://incidecoder.com/ingredients/ammonium-polyacryloyldimethyl-taurate,Ammonium Polyacryloyldimethyl Taurate,62152-14-1,
https://incidecoder.com/ingredients/ammonium-xylenesulfonate,Ammonium Xylenesulfonate,26447-10-9,247-710-9
https://incidecoder.com/ingredients/amodimethicone,Amodimethicone,71750-80-6,
https://incidecoder.com/ingredients/ananas-sativus-fruit-extract,Ananas Sativus Fruit Extract,,
https://incidecoder.com/ingredients/anhydroxylitol,Anhydroxylitol,53448-53-6,258-560-9
https://incidecoder.com/ingredients/anthemis-nobilis-flower-extract,Anthemis Nobilis Flower Extract,84649-86-5,283-467-5
https://incidecoder.com/ingredients/anthemis-nobilis-flower-oil,Anthemis Nobilis Flower Oil,84649-86-5,283-467-5
https://incidecoder.com/ingredients/anthocyanins,Anthocyanins,11029-12-2,
https://incidecoder.com/ingredients/aphanizomenon-flos-aquae-extract,Aphanizomenon Flos-Aquae Extract,,
https://incidecoder.com/ingredients/arachidyl-alcohol,Arachidyl Alcohol,629-96-9,211-119-4
https://incidecoder.com/ingredients/arachidyl-glucoside,Arachidyl Glucoside,,
https://incidecoder.com/ingredients/arbutin,Arbutin,497-76-7,207-850-3
https://incidecoder.com/ingredients/arctium-lappa-root-extract,Arctium Lappa Root Extract,84012-13-5,281-658-8
https://incidecoder.com/ingredients/arctostaphylos-uva-ursi-leaf-extract,Arctostaphylos Uva-Ursi Leaf Extract,84776-10-3,283-934-3
https://incidecoder.com/ingredients/argania-spinosa-kernel-oil,Argania Spinosa Kernel Oil,223747-87-3,
https://incidecoder.com/ingredients/arginine,Arginine,74-79-3,200-811-1
https://incidecoder.com/ingredients/aristotelia-chilensis-oil,Aristotelia Chilensis Oil,,
https://incidecoder.com/ingredients/arnica-montana-extract,Arnica Montana Extract,,
https://incidecoder.com/ingredients/arnica-montana-flower-extract,Arnica Montana Flower Extract,68990-11-4,273-579-2
https://incidecoder.com/ingredients/aronia-melanocarpa-fruit-extract,Aronia Melanocarpa Fruit Extract,,
https://incidecoder.com/ingredients/ascorbic-acid,Ascorbic Acid,50-81-7,200-066-2
https://incidecoder.com/ingredients/ascorbyl-glucoside,Ascorbyl Glucoside,129499-78-1,425-980-0
https://incidecoder.com/ingredients/ascorbyl-palmitate,Ascorbyl Palmitate,137-66-6,205-305-4
https://incidecoder.com/ingredients/asiatic-acid,Asiatic Acid,464-92-6,
https://incidecoder.com/ingredients/asiaticoside,Asiaticoside,16830-15-2,240-851-7
https://incidecoder.com/ingredients/aspartic-acid,Aspartic Acid,56-84-8,200-291-6
https://incidecoder.com/ingredients/astaxanthin,Astaxanthin,472-61-7,207-451-4
https://incidecoder.com/ingredients/astragalus-membranaceus-root-extract,Astragalus Membranaceus Root Extract,94166-93-5,303-391-9
https://incidecoder.com/ingredients/avena-sativa-kernel-extract,Avena Sativa Kernel Extract,84012-26-0,281-672-4
https://incidecoder.com/ingredients/avena-sativa-kernel-flour,Avena Sativa Kernel Flour,134134-86-4,-
https://incidecoder.com/ingredients/azelaic-acid,Azelaic Acid,123-99-9,204-669-1
https://incidecoder.com/ingredients/bakuchiol,Bakuchiol,10309-37-2,
https://incidecoder.com/ingredients/barosma-betulina-leaf-extract,Barosma Betulina Leaf Extract,84649-93-4,283-474-3
https://incidecoder.com/ingredients/behentrimonium-methosulfate,Behentrimonium Methosulfate,81646-13-1,279-791-1
https://incidecoder.com/ingredients/behenyl-alcohol,Behenyl Alcohol,661-19-8,211-546-6
https://incidecoder.com/ingredients/bentonite,Bentonite,1302-78-9,215-108-5
https://incidecoder.com/ingredients/benzoic-acid,Benzoic Acid,65-85-0,200-618-2
https://incidecoder.com/ingredients/benzophenone-3,Benzophenone-3,131-57-7,205-031-5
https://incidecoder.com/ingredients/benzophenone-4,Benzophenone-4,4065-45-6,223-772-2
https://incidecoder.com/ingredients/benzophenone-5,Benzophenone-5,6628-37-1,
https://incidecoder.com/ingredients/benzotriazolyl-dodecyl-p-cresol,Benzotriazolyl Dodecyl P-Cresol,125304-04-3,
https://incidecoder.com/ingredients/benzoyl-peroxide,Benzoyl Peroxide,94-36-0,202-327-6
https://incidecoder.com/ingredients/benzyl-alcohol,Benzyl Alcohol,100-51-6,202-859-9
https://incidecoder.com/ingredients/benzyl-benzoate,Benzyl Benzoate,120-51-4,204-402-9
https://incidecoder.com/ingredients/benzyl-salicylate,Benzyl Salicylate,118-58-1,204-262-9
https://incidecoder.com/ingredients/beraclay-light-red,Beraclay Light Red,,
https://incidecoder.com/ingredients/berberis-vulgaris-root-extract,Berberis Vulgaris Root Extract,84649-92-3,283-473-8
https://incidecoder.com/ingredients/beta-vulgaris-root-extract,Beta Vulgaris Root Extract,89957-89-1,289-610-8
https://incidecoder.com/ingredients/beta-glucan,Beta-Glucan,26874-89-5,
https://incidecoder.com/ingredients/betaine,Betaine,107-43-7,203-490-6
https://incidecoder.com/ingredients/betaine-salicylate,Betaine Salicylate,,
https://incidecoder.com/ingredients/betula-alba-bark-extract,Betula Alba Bark Extract,84012-15-7,281-660-9
https://incidecoder.com/ingredients/bha,BHA,25013-16-5,246-563-8
https://incidecoder.com/ingredients/bht,BHT,128-37-0,204-881-4
https://incidecoder.com/ingredients/bifida-ferment-lysate,Bifida Ferment Lysate,96507-89-0,306-168-4
https://incidecoder.com/ingredients/biosaccharide-gum-1,Biosaccharide Gum-1,194237-89-3,
https://incidecoder.com/ingredients/biosaccharide-gum-2,Biosaccharide Gum-2,283602-75-5,
https://incidecoder.com/ingredients/biotin,Biotin,58-85-5,200-399-3
https://incidecoder.com/ingredients/biotinoyl-tripeptide-1,Biotinoyl Tripeptide-1,,
https://incidecoder.com/ingredients/bis-stearyl-ethylenediamine-neopentyl-glycol-stearyl-hydrogenated-dimer-dilinoleate-copolymer,Bis Stearyl Ethylenediamine/Neopentyl Glycol/Stearyl Hydrogenated Dimer Dilinoleate Copolymer,,
https://incidecoder.com/ingredients/bis-diglyceryl-polyacyladipate-2,Bis-Diglyceryl Polyacyladipate-2,82249-33-0,406-144-4
https://incidecoder.com/ingredients/bis-ethylhexyl-hydroxydimethoxy-benzylmalonate,Bis-Ethylhexyl Hydroxydimethoxy Benzylmalonate,872182-46-2,
https://incidecoder.com/ingredients/bis-ethylhexyloxyphenol-methoxyphenyl-triazine,Bis-Ethylhexyloxyphenol Methoxyphenyl Triazine,187393-00-6,
https://incidecoder.com/ingredients/bis-peg-18-methyl-ether-dimethyl-silane,Bis-PEG-18 Methyl Ether Dimethyl Silane,,
https://incidecoder.com/ingredients/bis-peg-ppg-14-14-dimethicone,Bis-PEG/PPG-14/14 Dimethicone,,
https://incidecoder.com/ingredients/bisabolol,Bisabolol,515-69-5,208-205-9
https://incidecoder.com/ingredients/borago-officinalis-leaf-extract,Borago Officinalis Leaf Extract,84012-16-8,281-661-4
https://incidecoder.com/ingredients/borago-officinalis-seed-oil,Borago Officinalis Seed Oil,225234-12-8,
https://incidecoder.com/ingredients/boron-nitride,Boron Nitride,10043-11-5,233-136-6
https://incidecoder.com/ingredients/boswellia-serrata-extract,Boswellia Serrata Extract,97952-72-2,308-366-6
https://incidecoder.com/ingredients/buddleja-davidii-meristem-cell-culture,Buddleja Davidii Meristem Cell Culture,94465-67-5,305-351-6
https://incidecoder.com/ingredients/butane,Butane,106-97-8,203-448-7
https://incidecoder.com/ingredients/butyl-methoxydibenzoylmethane,Butyl Methoxydibenzoylmethane,70356-09-1,274-581-6
https://incidecoder.com/ingredients/butylene-glycol,Butylene Glycol,107-88-0,203-529-7
https://incidecoder.com/ingredients/butylene-ethylene-styrene-copolymer,Butylene/Ethylene/Styrene Copolymer,68648-89-5,
https://incidecoder.com/ingredients/butyloctyl-salicylate,Butyloctyl Salicylate,190085-41-7,
https://incidecoder.com/ingredients/butylphenyl-methylpropional,Butylphenyl Methylpropional,80-54-6,201-289-8
https://incidecoder.com/ingredients/butyrospermum-parkii-butter,Butyrospermum Parkii Butter,194043-92-0,293-515-7
https://incidecoder.com/ingredients/c10-30-cholesterol-lanosterol-esters,C10-30 Cholesterol/Lanosterol Esters,,
https://incidecoder.com/ingredients/c12-14-pareth-12,C12-14 Pareth-12,68439-50-9,500-213-3
https://incidecoder.com/ingredients/c12-15-alkyl-benzoate,C12-15 Alkyl Benzoate,68411-27-8,270-112-4
https://incidecoder.com/ingredients/c12-20-alkyl-glucoside,C12-20 Alkyl Glucoside,,
https://incidecoder.com/ingredients/c13-14-isoparaffin,C13-14 Isoparaffin,246538-79-4,
https://incidecoder.com/ingredients/c13-15-alkane,C13-15 Alkane,64742-46-7,934-954-2
https://incidecoder.com/ingredients/c14-22-alcohols,C14-22 Alcohols,,
https://incidecoder.com/ingredients/c15-19-alkane,C15-19 Alkane,64742-46-7,934-956-3
https://incidecoder.com/ingredients/c20-40-pareth-10,C20-40 Pareth-10,246538-83-0,
https://incidecoder.com/ingredients/c30-45-alkyl-dimethicone,C30-45 Alkyl Dimethicone,243137-49-7,
https://incidecoder.com/ingredients/caffeine,Caffeine,58-08-2,200-362-1
https://incidecoder.com/ingredients/caffeyl-glucoside,Caffeyl Glucoside,,
https://incidecoder.com/ingredients/calendula-officinalis-extract,Calendula Officinalis Extract,84776-23-8,283-949-5
https://incidecoder.com/ingredients/calendula-officinalis-flower-extract,Calendula Officinalis Flower Extract,84776-23-8,283-949-5
https://incidecoder.com/ingredients/calophyllum-inophyllum-seed-oil,Calophyllum Inophyllum Seed Oil,,
https://incidecoder.com/ingredients/calophyllum-tacamahaca-oil,Calophyllum Tacamahaca Oil,,
https://incidecoder.com/ingredients/camelina-sativa-seed-oil,Camelina Sativa Seed Oil,,
https://incidecoder.com/ingredients/camellia-oleifera-leaf-extract,Camellia Oleifera  Leaf Extract,,
https://incidecoder.com/ingredients/camellia-oleifera-seed-oil,Camellia Oleifera Seed Oil,225233-97-6,
https://incidecoder.com/ingredients/camellia-sinensis-leaf-extract,Camellia Sinensis Leaf Extract,84650-60-2,283-519-7
https://incidecoder.com/ingredients/cananga-odorata-flower-oil,Cananga Odorata Flower Oil,83863-30-3,281-092-1
https://incidecoder.com/ingredients/candelilla-cera,Candelilla Cera,8006-44-8,232-347-0
https://incidecoder.com/ingredients/candelilla-jojoba-rice-bran-polyglyceryl-3-esters,Candelilla/Jojoba/Rice Bran Polyglyceryl-3 Esters,,
https://incidecoder.com/ingredients/caprooyl-tetrapeptide-3,Caprooyl Tetrapeptide-3,,
https://incidecoder.com/ingredients/caprylhydroxamic-acid,Caprylhydroxamic Acid,7377-03-9,230-936-7
https://incidecoder.com/ingredients/caprylic-capric-triglyceride,Caprylic/Capric Triglyceride,73398-61-5,277-452-2
https://incidecoder.com/ingredients/caprylic-capric-myristic-stearic-triglyceride,Caprylic/Capric/Myristic/Stearic Triglyceride,208126-53-8,
https://incidecoder.com/ingredients/capryloyl-glycerin-sebacic-acid-copolymer,Capryloyl Glycerin/Sebacic Acid Copolymer,1190099-88-7,
https://incidecoder.com/ingredients/caprylyl-caprylate-caprate,Caprylyl Caprylate/Caprate,,
https://incidecoder.com/ingredients/caprylyl-glycol,Caprylyl Glycol,1117-86-8,214-254-7
https://incidecoder.com/ingredients/caprylyl-methicone,Caprylyl Methicone,17955-88-3,241-881-3
https://incidecoder.com/ingredients/capsicum-frutescens-fruit-extract,Capsicum Frutescens Fruit Extract,85940-30-3,288-920-0
https://incidecoder.com/ingredients/caramel,Caramel,8028-89-5,232-435-9
https://incidecoder.com/ingredients/carbomer,Carbomer,9007-20-9,-
https://incidecoder.com/ingredients/carnosine,Carnosine,305-84-0,206-169-9
https://incidecoder.com/ingredients/carrageenan,Carrageenan,9000-07-1,232-524-2
https://incidecoder.com/ingredients/carthamus-tinctorius-oleosomes,Carthamus Tinctorius Oleosomes,8001-23-8,232-276-5
https://incidecoder.com/ingredients/carthamus-tinctorius-seed-oil,Carthamus Tinctorius Seed Oil,8001-23-8,232-276-5
https://incidecoder.com/ingredients/cassia-alata-leaf-extract,Cassia Alata Leaf Extract,91722-05-3,294-406-7
https://incidecoder.com/ingredients/castor-oil-ipdi-copolymer,Castor Oil/IPDI Copolymer,68955-90-8,
https://incidecoder.com/ingredients/cellulose,Cellulose,9004-34-6,232-674-9
https://incidecoder.com/ingredients/cellulose-gum,Cellulose Gum,9004-32-4,
https://incidecoder.com/ingredients/centaurea-cyanus-flower-water,Centaurea Cyanus Flower Water,84012-18-0,281-664-0
https://incidecoder.com/ingredients/centella-asiatica-extract,Centella Asiatica Extract,84696-21-9,283-640-5
https://incidecoder.com/ingredients/cera-alba,Cera Alba,8012-89-3,232-383-7
https://incidecoder.com/ingredients/ceramide-ap,Ceramide AP,100403-19-8,309-560-3
https://incidecoder.com/ingredients/ceramide-1,Ceramide EOP,,
https://incidecoder.com/ingredients/ceramide-ng,Ceramide NG,,
https://incidecoder.com/ingredients/ceramide-np,Ceramide NP,72968-43-5,277-140-6
https://incidecoder.com/ingredients/ceresin,Ceresin,8001-75-0,232-290-1
https://incidecoder.com/ingredients/ceteareth-20,Ceteareth-20,68439-49-6,
https://incidecoder.com/ingredients/cetearyl-alcohol,Cetearyl Alcohol,67762-27-0,267-008-6
https://incidecoder.com/ingredients/cetearyl-ethylhexanoate,Cetearyl Ethylhexanoate,90411-68-0,291-445-1
https://incidecoder.com/ingredients/cetearyl-glucoside,Cetearyl Glucoside,246159-33-1,
https://incidecoder.com/ingredients/cetearyl-isononanoate,Cetearyl Isononanoate,111937-03-2,
https://incidecoder.com/ingredients/cetearyl-nonanoate,Cetearyl Nonanoate,,
https://incidecoder.com/ingredients/cetearyl-olivate,Cetearyl Olivate,,
https://incidecoder.com/ingredients/cetraria-islandica-thallus-extract,Cetraria Islandica Thallus Extract,,
https://incidecoder.com/ingredients/cetyl-alcohol,Cetyl Alcohol,36653-82-4,253-149-0
https://incidecoder.com/ingredients/cetyl-dimethicone,Cetyl Dimethicone,191044-49-2,
https://incidecoder.com/ingredients/cetyl-ethylhexanoate,Cetyl Ethylhexanoate,59130-69-7,261-619-1
https://incidecoder.com/ingredients/cetyl-hydroxyethylcellulose,Cetyl Hydroxyethylcellulose,80455-45-4,
https://incidecoder.com/ingredients/cetyl-lactate,Cetyl Lactate,35274-05-6,252-478-7
https://incidecoder.com/ingredients/cetyl-palmitate,Cetyl Palmitate,540-10-3,208-736-6
https://incidecoder.com/ingredients/cetyl-peg-ppg-10-1-dimethicone,Cetyl PEG/PPG-10/1 Dimethicone,,
https://incidecoder.com/ingredients/cetyl-phosphate,Cetyl Phosphate,3539-43-3,222-581-1
https://incidecoder.com/ingredients/cetylhydroxyproline-palmitamide,Cetylhydroxyproline Palmitamide,791838-11-4,
https://incidecoder.com/ingredients/chamomilla-recutita-flower-extract,Chamomilla Recutita Flower Extract,84082-60-0,282-006-5
https://incidecoder.com/ingredients/chamomilla-recutita-flower-oil,Chamomilla Recutita Flower Oil,8002-66-2,
https://incidecoder.com/ingredients/chlorophyll,Chlorophyll,,
https://incidecoder.com/ingredients/chlorphenesin,Chlorphenesin,104-29-0,203-192-6
https://incidecoder.com/ingredients/cholesterol,Cholesterol,57-88-5,200-353-2
https://incidecoder.com/ingredients/cholesteryl-nonanoate,Cholesteryl Nonanoate,1182-66-7,214-658-3
https://incidecoder.com/ingredients/cholesteryl-oleyl-carbonate,Cholesteryl Oleyl Carbonate,17110-51-9,241-179-7
https://incidecoder.com/ingredients/cholesteryl-stearate,Cholesteryl Stearate,35602-69-8,252-637-0
https://incidecoder.com/ingredients/chondrus-crispus,Chondrus Crispus,,
https://incidecoder.com/ingredients/chondrus-crispus-extract,Chondrus Crispus Extract,244023-79-8,
https://incidecoder.com/ingredients/ci-14700,Ci 14700,4548-53-2,224-909-9
https://incidecoder.com/ingredients/ci-17200,Ci 17200,3567-66-6,222-656-9
https://incidecoder.com/ingredients/ci-19140,Ci 19140,1934-21-0,217-699-5
https://incidecoder.com/ingredients/ci-42090,Ci 42090,3844-45-9,223-339-8
https://incidecoder.com/ingredients/ci-45410,Ci 45410,18472-87-2,242-355-6
https://incidecoder.com/ingredients/ci-75120,Ci 75120,1393-63-1,215-735-4
https://incidecoder.com/ingredients/ci-75470,Ci 75470,1390-65-4,215-724-4
https://incidecoder.com/ingredients/ci-77007,Ci 77007,12769-96-9,235-811-0
https://incidecoder.com/ingredients/ci-77163,Ci 77163,7787-59-9,232-122-7
https://incidecoder.com/ingredients/ci-77288,Ci 77288,1308-38-9,215-160-9
https://incidecoder.com/ingredients/ci-77289,Ci 77289,1308-14-1,215-158-8
https://incidecoder.com/ingredients/ci-77491,Ci 77491,1309-37-1,215-168-2
https://incidecoder.com/ingredients/ci-77492,Ci 77492,51274-00-1,257-098-5
https://incidecoder.com/ingredients/ci-77499,Ci 77499,12227-89-3,235-442-5
https://incidecoder.com/ingredients/ci-77510,Ci 77510,12240-15-2,237-875-5
https://incidecoder.com/ingredients/ci-77742,Ci 77742,10101-66-3,233-257-4
https://incidecoder.com/ingredients/ci-77891,Ci 77891,13463-67-7,236-675-5
https://incidecoder.com/ingredients/ci-77947,CI 77947,,
https://incidecoder.com/ingredients/citral,Citral,5392-40-5,226-394-6
https://incidecoder.com/ingredients/citric-acid,Citric Acid,77-92-9,201-069-1
https://incidecoder.com/ingredients/citronellol,Citronellol,106-22-9,203-375-0
https://incidecoder.com/ingredients/citrullus-lanatus-fruit-extract,Citrullus Lanatus Fruit Extract,90244-99-8,290-802-9
https://incidecoder.com/ingredients/citrus-aurantium-amara-flower-oil,Citrus Aurantium Amara Flower Oil,68916-04-1,-
https://incidecoder.com/ingredients/citrus-aurantium-amara-flower-water,Citrus Aurantium Amara Flower Water,68916-04-1,-
https://incidecoder.com/ingredients/citrus-aurantium-bergamia-fruit-oil,Citrus Aurantium Bergamia Fruit Oil,8007-75-8,
https://incidecoder.com/ingredients/citrus-aurantium-bergamia-peel-oil,Citrus Aurantium Bergamia Peel Oil,89957-91-5,289-612-9
https://incidecoder.com/ingredients/citrus-aurantium-dulcis-fruit-extract,Citrus Aurantium Dulcis Fruit Extract,8028-48-6,232-433-8
https://incidecoder.com/ingredients/citrus-aurantium-dulcis-oil,Citrus Aurantium Dulcis Oil,8008-57-9,
https://incidecoder.com/ingredients/citrus-aurantium-dulcis-peel-oil,Citrus Aurantium Dulcis Peel Oil,8008-57-9,
https://incidecoder.com/ingredients/citrus-grandis-peel-oil,Citrus Grandis Peel Oil,90045-43-5,289-904-6
https://incidecoder.com/ingredients/citrus-limon-fruit-extract,Citrus Limon Fruit Extract,92346-89-9,296-174-2
https://incidecoder.com/ingredients/citrus-limon-peel-oil,Citrus Limon Peel Oil,8008-56-8,-
https://incidecoder.com/ingredients/citrus-nobilis-oil,Citrus Nobilis Oil,8008-31-9,-
https://incidecoder.com/ingredients/citrus-nobilis-peel-oil,Citrus Nobilis Peel Oil,8008-31-9,-
https://incidecoder.com/ingredients/citrus-paradisi-peel-oil,Citrus Paradisi Peel Oil,8016-20-4,
https://incidecoder.com/ingredients/citrus-reticulata-peel-oil,Citrus Reticulata Peel Oil,8008-31-9,-
https://incidecoder.com/ingredients/citrus-unshiu-extract,Citrus Unshiu Extract,98106-71-9,308-594-6
https://incidecoder.com/ingredients/citrus-unshiu-peel-extract,Citrus Unshiu Peel Extract,98106-71-9,308-594-6
https://incidecoder.com/ingredients/cocamide-dea,Cocamide DEA,68603-42-9,271-657-0
https://incidecoder.com/ingredients/cocamide-mea,Cocamide MEA,68140-00-1,268-770-2
https://incidecoder.com/ingredients/cocamidopropyl-betaine,Cocamidopropyl Betaine,61789-40-0,263-058-8
https://incidecoder.com/ingredients/cocamidopropyl-dimethylamine,Cocamidopropyl Dimethylamine,68140-01-2,268-771-8
https://incidecoder.com/ingredients/cocamidopropyl-hydroxysultaine,Cocamidopropyl Hydroxysultaine,68139-30-0,268-761-3
https://incidecoder.com/ingredients/cocamidopropylamine-oxide,Cocamidopropylamine Oxide,68155-09-9,268-938-5
https://incidecoder.com/ingredients/coceth-7,Coceth-7,61791-13-7,
https://incidecoder.com/ingredients/cochlearia-armoracia-root-extract,Cochlearia Armoracia Root Extract,84775-62-2,283-891-0
https://incidecoder.com/ingredients/coco-caprylate,Coco-Caprylate,,
https://incidecoder.com/ingredients/coco-caprylate-caprate,Coco-Caprylate/Caprate,,
https://incidecoder.com/ingredients/coco-glucoside,Coco-Glucoside,110615-47-9,
https://incidecoder.com/ingredients/coconut-alkanes,Coconut Alkanes,,
https://incidecoder.com/ingredients/cocos-nucifera-fruit-extract,Cocos Nucifera Fruit Extract,8001-31-8,232-282-8
https://incidecoder.com/ingredients/cocos-nucifera-fruit-juice,Cocos Nucifera Fruit Juice,8001-31-8,232-282-8
https://incidecoder.com/ingredients/cocos-nucifera-oil,Cocos Nucifera Oil,8001-31-8,232-282-8
https://incidecoder.com/ingredients/cocos-nucifera-shell-powder,Cocos Nucifera Shell Powder,8001-31-8,232-282-8
https://incidecoder.com/ingredients/cocos-nucifera-water,Cocos Nucifera Water,8001-31-8,232-282-8
https://incidecoder.com/ingredients/collagen,Collagen,9007-34-5,232-697-4
https://incidecoder.com/ingredients/collagen-amino-acids,Collagen Amino Acids,9015-54-7,295-635-5
https://incidecoder.com/ingredients/colloidal-oatmeal,Colloidal Oatmeal,,
https://incidecoder.com/ingredients/commiphora-myrrha-resin-extract,Commiphora Myrrha Resin Extract,84929-26-0,284-510-0
https://incidecoder.com/ingredients/copernicia-cerifera-wax,Copernicia Cerifera Wax,8015-86-9,232-399-4
https://incidecoder.com/ingredients/copper-chlorophyll,Copper Chlorophyll,,
https://incidecoder.com/ingredients/copper-gluconate,Copper Gluconate,527-09-3,208-408-2
https://incidecoder.com/ingredients/copper-lysinate-prolinate,Copper Lysinate/Prolinate,1613132-70-9,
https://incidecoder.com/ingredients/copper-palmitoyl-heptapeptide-14,Copper Palmitoyl Heptapeptide-14,,
https://incidecoder.com/ingredients/copper-tripeptide-1,Copper Tripeptide-1,,
https://incidecoder.com/ingredients/coptis-japonica-root-extract,Coptis Japonica Root Extract,223748-66-1,
https://incidecoder.com/ingredients/corylus-avellana-seed-oil,Corylus Avellana  Seed Oil,,
https://incidecoder.com/ingredients/coumarin,Coumarin,91-64-5,202-086-7
https://incidecoder.com/ingredients/crambe-abyssinica-seed-oil,Crambe Abyssinica Seed Oil,,
https://incidecoder.com/ingredients/cucumis-sativus-fruit-extract,Cucumis Sativus Fruit Extract,89998-01-6,289-738-4
https://incidecoder.com/ingredients/cucumis-sativus-seed-oil,Cucumis Sativus Seed Oil,70955-25-8,-
https://incidecoder.com/ingredients/curculigo-orchioides-root-extract,Curculigo Orchioides Root Extract,,
https://incidecoder.com/ingredients/curcuma-longa-root-extract,Curcuma Longa Root Extract,84775-52-0,283-882-1
https://incidecoder.com/ingredients/cyamopsis-tetragonoloba-gum,Cyamopsis Tetragonoloba Gum,9000-30-0,232-536-8
https://incidecoder.com/ingredients/cycloastragenol,Cycloastragenol,,
https://incidecoder.com/ingredients/cyclohexasiloxane,Cyclohexasiloxane,540-97-6,208-762-8
https://incidecoder.com/ingredients/cyclomethicone,Cyclomethicone,69430-24-6,-
https://incidecoder.com/ingredients/cyclopentasiloxane,Cyclopentasiloxane,541-02-6,208-764-9
https://incidecoder.com/ingredients/cyclotetrasiloxane,Cyclotetrasiloxane,556-67-2,209-136-7
https://incidecoder.com/ingredients/cypripedium-pubescens-extract,Cypripedium Pubescens Extract,84775-54-2,283-884-2
https://incidecoder.com/ingredients/daucus-carota-sativa-root-extract,Daucus Carota Sativa Root Extract,84929-61-3,284-545-1
https://incidecoder.com/ingredients/daucus-carota-sativa-seed-oil,Daucus Carota Sativa Seed Oil,8015-88-1,-
https://incidecoder.com/ingredients/decapeptide-22,Decapeptide-22,,
https://incidecoder.com/ingredients/decyl-glucoside,Decyl Glucoside,54549-25-6,259-218-1
https://incidecoder.com/ingredients/dehydroacetic-acid,Dehydroacetic Acid,520-45-6,208-293-9
https://incidecoder.com/ingredients/dextrin,Dextrin,9004-53-9,232-675-4
https://incidecoder.com/ingredients/diazolidinyl-urea,Diazolidinyl Urea,78491-02-8,278-928-2
https://incidecoder.com/ingredients/dibutyl-adipate,Dibutyl Adipate,105-99-7,203-350-4
https://incidecoder.com/ingredients/dibutyl-ethylhexanoyl-glutamide,Dibutyl Ethylhexanoyl Glutamide,861390-34-3,
https://incidecoder.com/ingredients/dibutyl-lauroyl-glutamide,Dibutyl Lauroyl Glutamide,63663-21-8,264-391-1
https://incidecoder.com/ingredients/dicaprylyl-carbonate,Dicaprylyl Carbonate,1680-31-5,434-850-2
https://incidecoder.com/ingredients/dicaprylyl-ether,Dicaprylyl Ether,629-82-3,211-112-6
https://incidecoder.com/ingredients/diethylamino-hydroxybenzoyl-hexyl-benzoate,Diethylamino Hydroxybenzoyl Hexyl Benzoate,302776-68-7,443-860-6
https://incidecoder.com/ingredients/diethylhexyl-2-6-naphthalate,"Diethylhexyl 2,6-Naphthalate",,
https://incidecoder.com/ingredients/diethylhexyl-butamido-triazone,Diethylhexyl Butamido Triazone,154702-15-5,
https://incidecoder.com/ingredients/diethylhexyl-carbonate,Diethylhexyl Carbonate,14858-73-2,238-925-9
https://incidecoder.com/ingredients/diethylhexyl-syringylidenemalonate,Diethylhexyl Syringylidenemalonate,444811-29-4,
https://incidecoder.com/ingredients/diglucosyl-gallic-acid,Diglucosyl Gallic Acid,,
https://incidecoder.com/ingredients/diglycerin,Diglycerin,59113-36-9,261-605-5
https://incidecoder.com/ingredients/diheptyl-succinate,Diheptyl Succinate,15872-89-6,
https://incidecoder.com/ingredients/diisopropyl-adipate,Diisopropyl Adipate,6938-94-9,230-072-0
https://incidecoder.com/ingredients/diisopropyl-dimer-dilinoleate,Diisopropyl Dimer Dilinoleate,,
https://incidecoder.com/ingredients/diisopropyl-sebacate,Diisopropyl Sebacate,7491-02-3,231-306-4
https://incidecoder.com/ingredients/diisostearoyl-polyglyceryl-3-dimer-dilinoleate,Diisostearoyl Polyglyceryl-3 Dimer Dilinoleate,,
https://incidecoder.com/ingredients/dilinoleic-acid-propanediol-copolymer,Dilinoleic Acid/Propanediol Copolymer,,
https://incidecoder.com/ingredients/dimethicone,Dimethicone,,
https://incidecoder.com/ingredients/dimethicone-crosspolymer,Dimethicone Crosspolymer,,
https://incidecoder.com/ingredients/dimethicone-peg-10-15-crosspolymer,Dimethicone/PEG-10/15 Crosspolymer,,
https://incidecoder.com/ingredients/dimethicone-vinyl-dimethicone-crosspolymer,Dimethicone/Vinyl Dimethicone Crosspolymer,243137-53-3,
https://incidecoder.com/ingredients/dimethiconol,Dimethiconol,31692-79-2,
https://incidecoder.com/ingredients/dimethyl-isosorbide,Dimethyl Isosorbide,5306-85-4,226-159-8
https://incidecoder.com/ingredients/dimethylacrylamide-acrylic-acid-polystyrene-ethyl-methacrylate-copolymer,Dimethylacrylamide/Acrylic Acid/Polystyrene Ethyl Methacrylate Copolymer,,
https://incidecoder.com/ingredients/dimethylmethoxy-chromanol,Dimethylmethoxy Chromanol,83923-51-7,
https://incidecoder.com/ingredients/dipentaerythrityl-hexacaprylate-hexacaprate,Dipentaerythrityl Hexacaprylate/Hexacaprate,68130-24-5,268-581-5
https://incidecoder.com/ingredients/dipeptide-diaminobutyroyl-benzylamide-diacetate,Dipeptide Diaminobutyroyl Benzylamide Diacetate,,
https://incidecoder.com/ingredients/dipeptide-2,Dipeptide-2,,
https://incidecoder.com/ingredients/dipotassium-glycyrrhizate,Dipotassium Glycyrrhizate,68797-35-3,272-296-1
https://incidecoder.com/ingredients/dipropylene-glycol,Dipropylene Glycol,110-98-5,203-821-4
https://incidecoder.com/ingredients/dipropylene-glycol-dibenzoate,Dipropylene Glycol Dibenzoate,27138-31-4,248-258-5
https://incidecoder.com/ingredients/disiloxane,Disiloxane,107-46-0,203-492-7
https://incidecoder.com/ingredients/disodium-acetyl-glucosamine-phosphate,Disodium Acetyl Glucosamine Phosphate,102029-88-9,
https://incidecoder.com/ingredients/disodium-cetearyl-sulfosuccinate,Disodium Cetearyl Sulfosuccinate,91697-07-3,294-268-8
https://incidecoder.com/ingredients/disodium-coco-glucoside-citrate,Disodium Coco-Glucoside Citrate,,
https://incidecoder.com/ingredients/disodium-cocoamphodiacetate,Disodium Cocoamphodiacetate,,931-291-0
https://incidecoder.com/ingredients/disodium-cocoamphodipropionate,Disodium Cocoamphodipropionate,68411-57-4,270-131-8
https://incidecoder.com/ingredients/disodium-edta,Disodium EDTA,139-33-3,205-358-3
https://incidecoder.com/ingredients/disodium-laureth-sulfosuccinate,Disodium Laureth Sulfosuccinate,39354-45-5,-
https://incidecoder.com/ingredients/disodium-lauriminodipropionate-tocopheryl-phosphates,Disodium Lauriminodipropionate Tocopheryl Phosphates,,
https://incidecoder.com/ingredients/disodium-lauryl-sulfosuccinate,Disodium Lauryl Sulfosuccinate,13192-12-6,236-149-5
https://incidecoder.com/ingredients/disodium-phenyl-dibenzimidazole-tetrasulfonate,Disodium Phenyl Dibenzimidazole Tetrasulfonate,180898-37-7,
https://incidecoder.com/ingredients/disodium-uridine-phosphate,Disodium Uridine Phosphate,3387-36-8,222-211-9
https://incidecoder.com/ingredients/disteardimonium-hectorite,Disteardimonium Hectorite,97280-96-1,306-493-1
https://incidecoder.com/ingredients/dmdm-hydantoin,DMDM Hydantoin,6440-58-0,229-222-8
https://incidecoder.com/ingredients/dmpa-isophthalic-acid-smdi-copolymer,Dmpa/Isophthalic Acid/Smdi Copolymer,,
https://incidecoder.com/ingredients/dodecane,Dodecane,112-40-3,203-967-9
https://incidecoder.com/ingredients/drometrizole-trisiloxane,Drometrizole Trisiloxane,155633-54-8,
https://incidecoder.com/ingredients/ectoin,Ectoin,96702-03-3,
https://incidecoder.com/ingredients/edta,EDTA,60-00-4,200-449-4
https://incidecoder.com/ingredients/epigallocatechin-gallate,Epigallocatechin Gallate,989-51-5,
https://incidecoder.com/ingredients/epigallocatechin-gallatyl-glucoside,Epigallocatechin Gallatyl Glucoside,,
https://incidecoder.com/ingredients/eriocephalus-punctulatus-oil,Eriocephalus Punctulatus Oil,94334-04-0,305-084-5
https://incidecoder.com/ingredients/erythrulose,Erythrulose,40031-31-0,
https://incidecoder.com/ingredients/ethoxydiglycol,Ethoxydiglycol,111-90-0,203-919-7
https://incidecoder.com/ingredients/ethyl-2-2-dimethylhydrocinnamal,"Ethyl 2,2-Dimethylhydrocinnamal",67634-15-5,266-819-2
https://incidecoder.com/ingredients/ethyl-ascorbic-acid,Ethyl Ascorbic Acid,,
https://incidecoder.com/ingredients/ethyl-hexanediol,Ethyl Hexanediol,94-96-2,202-377-9
https://incidecoder.com/ingredients/ethyl-linoleate,Ethyl Linoleate,544-35-4,208-868-4
https://incidecoder.com/ingredients/ethyl-linolenate,Ethyl Linolenate,1191-41-9,214-734-6
https://incidecoder.com/ingredients/ethyl-menthane-carboxamide,Ethyl Menthane Carboxamide,39711-79-0,254-599-0
https://incidecoder.com/ingredients/ethyl-oleate,Ethyl Oleate,111-62-6,203-889-5
https://incidecoder.com/ingredients/ethylbisiminomethylguaiacol-manganese-chloride,Ethylbisiminomethylguaiacol Manganese Chloride,81065-76-1,
https://incidecoder.com/ingredients/ethylene-propylene-styrene-copolymer,Ethylene/Propylene/Styrene Copolymer,66070-58-4,
https://incidecoder.com/ingredients/ethylhexyl-benzoate,Ethylhexyl Benzoate,5444-75-7,226-641-8
https://incidecoder.com/ingredients/ethylhexyl-dimethyl-paba,Ethylhexyl Dimethyl PABA,21245-02-3,244-289-3
https://incidecoder.com/ingredients/ethylhexyl-hydroxystearate,Ethylhexyl Hydroxystearate,29710-25-6,249-793-7
https://incidecoder.com/ingredients/ethylhexyl-methoxycinnamate,Ethylhexyl Methoxycinnamate,5466-77-3,226-775-7
https://incidecoder.com/ingredients/ethylhexyl-palmitate,Ethylhexyl Palmitate,29806-73-3,249-862-1
https://incidecoder.com/ingredients/ethylhexyl-salicylate,Ethylhexyl Salicylate,118-60-5,204-263-4
https://incidecoder.com/ingredients/ethylhexyl-stearate,Ethylhexyl Stearate,22047-49-0,244-754-0
https://incidecoder.com/ingredients/ethylhexyl-triazone,Ethylhexyl Triazone,88122-99-0,402-070-1
https://incidecoder.com/ingredients/ethylhexylglycerin,Ethylhexylglycerin,70445-33-9,408-080-2
https://incidecoder.com/ingredients/ethylparaben,Ethylparaben,120-47-8,204-399-4
https://incidecoder.com/ingredients/eucalyptus-citriodora-oil,Eucalyptus Citriodora Oil,8000-48-4,
https://incidecoder.com/ingredients/eucalyptus-globulus-leaf-oil,Eucalyptus Globulus Leaf Oil,8000-48-4,-
https://incidecoder.com/ingredients/eucalyptus-radiata-leaf-oil,Eucalyptus Radiata Leaf Oil,,
https://incidecoder.com/ingredients/eugenol,Eugenol,97-53-0,202-589-1
https://incidecoder.com/ingredients/farnesol,Farnesol,4602-84-0,225-004-1
https://incidecoder.com/ingredients/ferulic-acid,Ferulic Acid,1135-24-6,214-490-0
https://incidecoder.com/ingredients/fructose,Fructose,57-48-7,200-333-3
https://incidecoder.com/ingredients/galactoarabinan,Galactoarabinan,9036-66-2,232-910-0
https://incidecoder.com/ingredients/galactomyces-ferment-filtrate,Galactomyces Ferment Filtrate,,
https://incidecoder.com/ingredients/gallyl-glucoside,Gallyl Glucoside,,
https://incidecoder.com/ingredients/gelatin,Gelatin,9000-70-8,232-554-6
https://incidecoder.com/ingredients/genistein,Genistein,446-72-0,207-174-9
https://incidecoder.com/ingredients/geraniol,Geraniol,106-24-1,203-377-1
https://incidecoder.com/ingredients/globularia-cordifolia-callus-culture-extract,Globularia Cordifolia Callus Culture Extract,,
https://incidecoder.com/ingredients/glucomannan,Glucomannan,,
https://incidecoder.com/ingredients/gluconolactone,Gluconolactone,90-80-2,202-016-5
https://incidecoder.com/ingredients/glucose,Glucose,50-99-7,200-075-1
https://incidecoder.com/ingredients/glutamic-acid,Glutamic Acid,56-86-0,200-293-7
https://incidecoder.com/ingredients/glutamylamidoethyl-imidazole,Glutamylamidoethyl Imidazole,169283-81-2,421-900-3
https://incidecoder.com/ingredients/glycereth-26,Glycereth-26,31694-55-0,
https://incidecoder.com/ingredients/glycereth-7-trimethyl-ether,Glycereth-7 Trimethyl Ether,305812-16-2,
https://incidecoder.com/ingredients/glycerin,Glycerin,56-81-5,200-289-5
https://incidecoder.com/ingredients/glyceryl-acrylate-acrylic-acid-copolymer,Glyceryl Acrylate/Acrylic Acid Copolymer,,
https://incidecoder.com/ingredients/glyceryl-behenate,Glyceryl Behenate,30233-64-8,250-097-0
https://incidecoder.com/ingredients/glyceryl-behenate-eicosadioate,Glyceryl Behenate/Eicosadioate,,
https://incidecoder.com/ingredients/glyceryl-caprylate,Glyceryl Caprylate,26402-26-6,247-668-1
https://incidecoder.com/ingredients/glyceryl-dibehenate,Glyceryl Dibehenate,94201-62-4,303-650-6
https://incidecoder.com/ingredients/glyceryl-laurate,Glyceryl Laurate,27215-38-4,248-337-4
https://incidecoder.com/ingredients/glyceryl-oleate,Glyceryl Oleate,25496-72-4,247-038-6
https://incidecoder.com/ingredients/glyceryl-stearate,Glyceryl Stearate,31566-31-1,250-705-4
https://incidecoder.com/ingredients/glyceryl-stearate-citrate,Glyceryl Stearate Citrate,55840-13-6,259-855-5
https://incidecoder.com/ingredients/glyceryl-stearate-se,Glyceryl Stearate SE,11099-07-3,234-325-6
https://incidecoder.com/ingredients/glycine,Glycine,,
https://incidecoder.com/ingredients/glycine-soja-oil,Glycine Soja Oil,8001-22-7,232-274-4
https://incidecoder.com/ingredients/glycine-soja-seed-extract,Glycine Soja Seed Extract,,
https://incidecoder.com/ingredients/glycol-distearate,Glycol Distearate,627-83-8,211-014-3
https://incidecoder.com/ingredients/glycolic-acid,Glycolic Acid,79-14-1,201-180-5
https://incidecoder.com/ingredients/glycyrrhiza-glabra-root-extract,Glycyrrhiza Glabra  Root Extract,,
https://incidecoder.com/ingredients/haematococcus-pluvialis-extract,Haematococcus Pluvialis Extract,,
https://incidecoder.com/ingredients/hamamelis-virginiana-leaf-extract,Hamamelis Virginiana  Leaf Extract,,
https://incidecoder.com/ingredients/hamamelis-virginiana-bark-leaf-twig-extract,Hamamelis Virginiana Bark/Leaf/Twig Extract,84696-19-5,283-637-9
https://incidecoder.com/ingredients/hamamelis-virginiana-extract,Hamamelis Virginiana Extract,84696-19-5,283-637-9
https://incidecoder.com/ingredients/hamamelis-virginiana-leaf-water,Hamamelis Virginiana Leaf Water,84696-19-5,283-637-9
https://incidecoder.com/ingredients/hamamelis-virginiana-water,Hamamelis Virginiana Water,84696-19-5,283-637-9
https://incidecoder.com/ingredients/hdi-trimethylol-hexyllactone-crosspolymer,Hdi/Trimethylol Hexyllactone Crosspolymer,,
https://incidecoder.com/ingredients/helianthus-annuus-extract,Helianthus Annuus Extract,84776-03-4,-
https://incidecoder.com/ingredients/helianthus-annuus-seed-oil,Helianthus Annuus Seed Oil,8001-21-6,232-273-9
https://incidecoder.com/ingredients/helianthus-annuus-seed-oil-unsaponifiables,Helianthus Annuus Seed Oil Unsaponifiables,8001-21-6,232-273-9
https://incidecoder.com/ingredients/helianthus-annuus-seed-wax,Helianthus Annuus Seed Wax,1286686-34-7,
https://incidecoder.com/ingredients/heptapeptide-15-palmitate,Heptapeptide-15 Palmitate,,
https://incidecoder.com/ingredients/hesperidin,Hesperidin,520-26-3,208-288-1
https://incidecoder.com/ingredients/hesperidin-methyl-chalcone,Hesperidin Methyl Chalcone,24292-52-2,246-128-2
https://incidecoder.com/ingredients/hexanoyl-dipeptide-3-norleucine-acetate,Hexanoyl Dipeptide-3 Norleucine Acetate,,
https://incidecoder.com/ingredients/hexapeptide-9,Hexapeptide-9,,
https://incidecoder.com/ingredients/hexyl-cinnamal,Hexyl Cinnamal,101-86-0,202-983-3
https://incidecoder.com/ingredients/hexyl-laurate,Hexyl Laurate,34316-64-8,251-932-1
https://incidecoder.com/ingredients/hexyl-nicotinate,Hexyl Nicotinate,23597-82-2,245-767-4
https://incidecoder.com/ingredients/hexyldecanol,Hexyldecanol,2425-77-6,219-370-1
https://incidecoder.com/ingredients/hexylene-glycol,Hexylene Glycol,107-41-5,203-489-0
https://incidecoder.com/ingredients/hexylresorcinol,Hexylresorcinol,136-77-6,205-257-4
https://incidecoder.com/ingredients/hippophae-rhamnoides-fruit-oil,Hippophae Rhamnoides Fruit Oil,225234-03-7,
https://incidecoder.com/ingredients/histidine,Histidine,71-00-1,200-745-3
https://incidecoder.com/ingredients/holly-leaf-oil,Holly Leaf Oil,,
https://incidecoder.com/ingredients/homosalate,Homosalate,118-56-9,204-260-8
https://incidecoder.com/ingredients/honey,Honey,8028-66-8,
https://incidecoder.com/ingredients/honey-extract,Honey Extract,91052-92-5,293-255-4
https://incidecoder.com/ingredients/houttuynia-cordata-extract,Houttuynia Cordata Extract,164288-50-0,
https://incidecoder.com/ingredients/human-adipose-derived-stem-cell-conditioned-media,Human Adipose Derived Stem Cell Conditioned Media,,
https://incidecoder.com/ingredients/human-fibroblast-conditioned-media,Human Fibroblast Conditioned Media,,
https://incidecoder.com/ingredients/hyaluronic-acid,Hyaluronic Acid,9004-61-9,232-678-0
https://incidecoder.com/ingredients/hydrogen-dimethicone,Hydrogen Dimethicone,68037-59-2,-
https://incidecoder.com/ingredients/hydrogenated-castor-oil,Hydrogenated Castor Oil,8001-78-3,232-292-2
https://incidecoder.com/ingredients/hydrogenated-coco-glycerides,Hydrogenated Coco-Glycerides,91744-42-2,294-604-3
https://incidecoder.com/ingredients/hydrogenated-lecithin,Hydrogenated Lecithin,92128-87-5,295-786-7
https://incidecoder.com/ingredients/hydrogenated-polydecene,Hydrogenated Polydecene,68037-01-4,500-183-1
https://incidecoder.com/ingredients/hydrogenated-polyisobutene,Hydrogenated Polyisobutene,40921-86-6,
https://incidecoder.com/ingredients/hydrogenated-vegetable-glycerides,Hydrogenated Vegetable Glycerides,100684-29-5,309-701-9
https://incidecoder.com/ingredients/hydrolyzed-collagen,Hydrolyzed Collagen,92113-31-0,295-635-5
https://incidecoder.com/ingredients/hydrolyzed-corn-starch,Hydrolyzed Corn Starch,8029-43-4,232-436-4
https://incidecoder.com/ingredients/hydrolyzed-hyaluronic-acid,Hydrolyzed Hyaluronic Acid,,
https://incidecoder.com/ingredients/hydrolyzed-marine-collagen,Hydrolyzed Marine Collagen,,
https://incidecoder.com/ingredients/hydrolyzed-placental-protein,Hydrolyzed Placental Protein,91080-01-2,293-492-3
https://incidecoder.com/ingredients/hydrolyzed-sodium-hyaluronate,Hydrolyzed Sodium Hyaluronate,,
https://incidecoder.com/ingredients/hydrolyzed-wheat-protein,Hydrolyzed Wheat Protein,94350-06-8,305-225-0
https://incidecoder.com/ingredients/hydrolyzed-wheat-protein-pvp-crosspolymer,Hydrolyzed Wheat Protein/PVP Crosspolymer,,
https://incidecoder.com/ingredients/hydrolyzed-yeast-extract,Hydrolyzed Yeast Extract,,
https://incidecoder.com/ingredients/hydroxyacetophenone,Hydroxyacetophenone,99-93-4,202-802-8
https://incidecoder.com/ingredients/hydroxycitronellal,Hydroxycitronellal,107-75-5,203-518-7
https://incidecoder.com/ingredients/hydroxyethyl-acrylate-sodium-acryloyldimethyl-taurate-copolymer,Hydroxyethyl Acrylate/Sodium Acryloyldimethyl Taurate Copolymer,111286-86-3,
https://incidecoder.com/ingredients/hydroxyethyl-urea,Hydroxyethyl Urea,1320-51-0,215-304-0
https://incidecoder.com/ingredients/hydroxyethylcellulose,Hydroxyethylcellulose,9004-62-0,
https://incidecoder.com/ingredients/hydroxymethoxyphenyl-decanone,Hydroxymethoxyphenyl Decanone,27113-22-0,
https://incidecoder.com/ingredients/hydroxymethoxyphenyl-propylmethylmethoxybenzofuran,Hydroxymethoxyphenyl Propylmethylmethoxybenzofuran,51267-48-2,
https://incidecoder.com/ingredients/hydroxypalmitoyl-sphinganine,Hydroxypalmitoyl Sphinganine,,
https://incidecoder.com/ingredients/hydroxyphenoxy-propionic-acid,Hydroxyphenoxy Propionic Acid,94050-90-5,407-960-3
https://incidecoder.com/ingredients/hydroxyphenyl-propamidobenzoic-acid,Hydroxyphenyl Propamidobenzoic Acid,697235-49-7,
https://incidecoder.com/ingredients/hydroxypinacolone-retinoate,Hydroxypinacolone Retinoate,,
https://incidecoder.com/ingredients/hydroxypropyl-bispalmitamide-mea,Hydroxypropyl Bispalmitamide MEA,,
https://incidecoder.com/ingredients/hydroxypropyl-cyclodextrin,Hydroxypropyl Cyclodextrin,128446-33-3,-
https://incidecoder.com/ingredients/hydroxypropyl-methylcellulose,Hydroxypropyl Methylcellulose,9004-65-3,
https://incidecoder.com/ingredients/hydroxypropyl-tetrahydropyrantriol,Hydroxypropyl Tetrahydropyrantriol,439685-79-7,
https://incidecoder.com/ingredients/imperata-cylindrica-root-extract,Imperata Cylindrica Root Extract,,
https://incidecoder.com/ingredients/inulin,Inulin,9005-80-5,232-684-3
https://incidecoder.com/ingredients/inulin-lauryl-carbamate,Inulin Lauryl Carbamate,478483-27-1,
https://incidecoder.com/ingredients/iodopropynyl-butylcarbamate,Iodopropynyl Butylcarbamate,55406-53-6,259-627-5
https://incidecoder.com/ingredients/iron-oxides,Iron Oxides,,
https://incidecoder.com/ingredients/isoamyl-cocoate,Isoamyl Cocoate,,
https://incidecoder.com/ingredients/isoamyl-laurate,Isoamyl Laurate,6309-51-9,228-626-1
https://incidecoder.com/ingredients/isoamyl-p-methoxycinnamate,Isoamyl p-Methoxycinnamate,71617-10-2,275-702-5
https://incidecoder.com/ingredients/isobutane,Isobutane,75-28-5,200-857-2
https://incidecoder.com/ingredients/isoceteth-20,Isoceteth-20,,
https://incidecoder.com/ingredients/isocetyl-stearate,Isocetyl Stearate,25339-09-7,246-868-6
https://incidecoder.com/ingredients/isocetyl-stearoyl-stearate,Isocetyl Stearoyl Stearate,97338-28-8,306-621-6
https://incidecoder.com/ingredients/isodecyl-neopentanoate,Isodecyl Neopentanoate,60209-82-7,262-108-6
https://incidecoder.com/ingredients/isodecyl-salicylate,Isodecyl Salicylate,85252-25-1,286-542-0
https://incidecoder.com/ingredients/isododecane,Isododecane,31807-55-3,250-816-8
https://incidecoder.com/ingredients/isohexadecane,Isohexadecane,93685-80-4,297-628-2
https://incidecoder.com/ingredients/isoleucine,Isoleucine,73-32-5,200-798-2
https://incidecoder.com/ingredients/isononyl-isononanoate,Isononyl Isononanoate,59219-71-5,261-665-2
https://incidecoder.com/ingredients/isopentyldiol,Isopentyldiol,50468-22-9,256-597-5
https://incidecoder.com/ingredients/isopropyl-cloprostenate,Isopropyl Cloprostenate,157283-66-4,
https://incidecoder.com/ingredients/isopropyl-isostearate,Isopropyl Isostearate,31478-84-9,250-651-1
https://incidecoder.com/ingredients/isopropyl-lauroyl-sarcosinate,Isopropyl Lauroyl Sarcosinate,230309-38-3,
https://incidecoder.com/ingredients/isopropyl-myristate,Isopropyl Myristate,110-27-0,203-751-4
https://incidecoder.com/ingredients/isopropyl-palmitate,Isopropyl Palmitate,142-91-6,205-571-1
https://incidecoder.com/ingredients/isosorbide-dicaprylate,Isosorbide Dicaprylate,,
https://incidecoder.com/ingredients/isostearic-acid,Isostearic Acid,30399-84-9,250-178-0
https://incidecoder.com/ingredients/isostearyl-isostearate,Isostearyl Isostearate,41669-30-1,255-485-3
https://incidecoder.com/ingredients/isostearyl-neopentanoate,Isostearyl Neopentanoate,58958-60-4,261-521-9
https://incidecoder.com/ingredients/jojoba-esters,Jojoba Esters,,
https://incidecoder.com/ingredients/jojoba-oil-macadamia-seed-oil-esters,Jojoba Oil/Macadamia Seed Oil Esters,,
https://incidecoder.com/ingredients/kaolin,Kaolin,1332-58-7,310-194-1
https://incidecoder.com/ingredients/kappaphycus-alvarezii-extract,Kappaphycus Alvarezii Extract,,
https://incidecoder.com/ingredients/kigelia-africana-fruit-extract,Kigelia Africana Fruit Extract,223749-33-5,
https://incidecoder.com/ingredients/lactic-acid,Lactic Acid,50-21-5,200-018-0
https://incidecoder.com/ingredients/lactobacillus-ferment,Lactobacillus Ferment,,
https://incidecoder.com/ingredients/lactobacillus-ferment-lysate-filtrate,Lactobacillus Ferment Lysate Filtrate,,
https://incidecoder.com/ingredients/lactobacillus-arundinaria-gigantea-ferment-filtrate,Lactobacillus/Arundinaria Gigantea Ferment Filtrate,,
https://incidecoder.com/ingredients/lactobacillus-eriodictyon-californicum-ferment-extract,Lactobacillus/Eriodictyon Californicum Ferment Extract,,
https://incidecoder.com/ingredients/lactobacillus-kelp-ferment-filtrate,Lactobacillus/Kelp Ferment Filtrate,,
https://incidecoder.com/ingredients/lactobacillus-nereocystis-luetkeana-ferment-filtrate,Lactobacillus/Nereocystis Luetkeana Ferment Filtrate,,
https://incidecoder.com/ingredients/lactobacillus-pumpkin-ferment-extract,Lactobacillus/Pumpkin Ferment Extract,,
https://incidecoder.com/ingredients/lactobacillus-punica-granatum-fruit-ferment-extract,Lactobacillus/Punica Granatum Fruit Ferment Extract,,
https://incidecoder.com/ingredients/lactobionic-acid,Lactobionic Acid,96-82-2,202-538-3
https://incidecoder.com/ingredients/lactococcus-ferment-lysate,Lactococcus Ferment Lysate,,
https://incidecoder.com/ingredients/laminaria-algae-extract,Laminaria Algae Extract,,
https://incidecoder.com/ingredients/laminaria-saccharina-extract,Laminaria Saccharina Extract,90046-14-3,289-982-1
https://incidecoder.com/ingredients/laureth-23,Laureth-23,9002-92-0,
https://incidecoder.com/ingredients/laureth-7,Laureth-7,3055-97-8,221-283-9
https://incidecoder.com/ingredients/lauric-acid,Lauric Acid,143-07-7,205-582-1
https://incidecoder.com/ingredients/lauryl-glucoside,Lauryl Glucoside,110615-47-9,
https://incidecoder.com/ingredients/lauryl-methacrylate-sodium-methacrylate-crosspolymer,Lauryl Methacrylate/Sodium Methacrylate Crosspolymer,,
https://incidecoder.com/ingredients/lauryl-peg-9-polydimethylsiloxyethyl-dimethicone,Lauryl PEG-9 Polydimethylsiloxyethyl Dimethicone,,
https://incidecoder.com/ingredients/lavandula-angustifolia-flower-water,Lavandula Angustifolia Flower Water,90063-37-9,289-995-2
https://incidecoder.com/ingredients/lavandula-angustifolia-flower-leaf-stem-oil,Lavandula Angustifolia Flower/Leaf/Stem Oil,,
https://incidecoder.com/ingredients/lavandula-angustifolia-oil,Lavandula Angustifolia Oil,8000-28-0,-
https://incidecoder.com/ingredients/lecithin,Lecithin,8002-43-5,232-307-2
https://incidecoder.com/ingredients/lens-esculenta-fruit-extract,Lens Esculenta Fruit Extract,90063-40-4,289-998-9
https://incidecoder.com/ingredients/lentinus-edodes-mycelium-extract,Lentinus Edodes Mycelium Extract,,
https://incidecoder.com/ingredients/leontopodium-alpinum-callus-culture-extract,Leontopodium Alpinum Callus Culture Extract,,
https://incidecoder.com/ingredients/leptospermum-scoparium-branch-leaf-oil,Leptospermum Scoparium Branch/Leaf Oil,223749-44-8,
https://incidecoder.com/ingredients/leuconostoc-ferment-filtrate,Leuconostoc Ferment Filtrate,,
https://incidecoder.com/ingredients/leuconostoc-radish-root-ferment-filtrate,Leuconostoc/Radish Root Ferment Filtrate,,
https://incidecoder.com/ingredients/limnanthes-alba-seed-oil,Limnanthes Alba Seed Oil,153065-40-8,310-127-6
https://incidecoder.com/ingredients/limonene,Limonene,138-86-3,205-341-0
https://incidecoder.com/ingredients/linalool,Linalool,78-70-6,201-134-4
https://incidecoder.com/ingredients/linoleic-acid,Linoleic Acid,60-33-3,200-470-9
https://incidecoder.com/ingredients/linolenic-acid,Linolenic Acid,463-40-1,207-334-8
https://incidecoder.com/ingredients/linum-usitatissimum-seed-oil,Linum Usitatissimum Seed Oil,8001-26-1,232-278-6
https://incidecoder.com/ingredients/lonicera-caprifolium-extract,Lonicera Caprifolium Extract,84603-62-3,283-263-6
https://incidecoder.com/ingredients/lonicera-japonica-flower-extract,Lonicera Japonica Flower Extract,223749-79-9,
https://incidecoder.com/ingredients/luminess-algae,Luminess Algae,,
https://incidecoder.com/ingredients/macadamia-integrifolia-seed-oil,Macadamia Integrifolia Seed Oil,438545-25-6,
https://incidecoder.com/ingredients/macadamia-ternifolia-seed-oil,Macadamia Ternifolia Seed Oil,128497-20-1,-
https://incidecoder.com/ingredients/macrocystis-pyrifera,Macrocystis Pyrifera,,
https://incidecoder.com/ingredients/madecassic-acid,Madecassic Acid,18449-41-7,
https://incidecoder.com/ingredients/madecassoside,Madecassoside,34540-22-2,252-076-1
https://incidecoder.com/ingredients/magnesium-aluminum-silicate,Magnesium Aluminum Silicate,1327-43-1,215-478-8
https://incidecoder.com/ingredients/magnesium-ascorbyl-phosphate,Magnesium Ascorbyl Phosphate,114040-31-2,
https://incidecoder.com/ingredients/magnesium-chloride,Magnesium Chloride,7786-30-3,232-094-6
https://incidecoder.com/ingredients/magnesium-sulfate,Magnesium Sulfate,7487-88-9,231-298-2
https://incidecoder.com/ingredients/maleated-soybean-oil-glyceryl-octyldodecanol-esters,Maleated Soybean Oil Glyceryl/Octyldodecanol Esters,,
https://incidecoder.com/ingredients/malic-acid,Malic Acid,97-67-6,202-601-5
https://incidecoder.com/ingredients/maltodextrin,Maltodextrin,9050-36-6,232-940-4
https://incidecoder.com/ingredients/malus-domestica-fruit-cell-culture,Malus Domestica Fruit Cell Culture,,
https://incidecoder.com/ingredients/mandelic-acid,Mandelic Acid,90-64-2,202-007-6
https://incidecoder.com/ingredients/mangifera-indica-seed-oil,Mangifera Indica Seed Oil,90063-86-8,290-045-4
https://incidecoder.com/ingredients/mannitol,Mannitol,69-65-8,200-711-8
https://incidecoder.com/ingredients/mannose,Mannose,3458-28-4,222-392-4
https://incidecoder.com/ingredients/melaleuca-alternifolia-leaf-extract,Melaleuca Alternifolia Leaf Extract,85085-48-9,285-377-1
https://incidecoder.com/ingredients/melaleuca-alternifolia-leaf-oil,Melaleuca Alternifolia Leaf Oil,85085-48-9,285-377-1
https://incidecoder.com/ingredients/melaleuca-alternifolia-leaf-water,Melaleuca Alternifolia Leaf Water,85085-48-9,285-377-1
https://incidecoder.com/ingredients/melaleuca-leucadendron-cajuputi-leaf-oil,Melaleuca Leucadendron Cajuputi Leaf Oil,85480-37-1,287-316-4
https://incidecoder.com/ingredients/melaleuca-teretifolia-branch-leaf-oil,Melaleuca Teretifolia Branch/Leaf Oil,,
https://incidecoder.com/ingredients/melissa-officinalis-leaf-oil,Melissa Officinalis Leaf Oil,84082-61-1,282-007-0
https://incidecoder.com/ingredients/mentha-piperita-leaf-oil,Mentha Piperita Leaf Oil,,
https://incidecoder.com/ingredients/mentha-piperita-oil,Mentha Piperita Oil,8006-90-4,-
https://incidecoder.com/ingredients/menthol,Menthol,1490-04-6,216-074-4
https://incidecoder.com/ingredients/menthone-glycerin-acetal,Menthone Glycerin Acetal,63187-91-7,
https://incidecoder.com/ingredients/menthyl-lactate,Menthyl Lactate,59259-38-0,261-678-3
https://incidecoder.com/ingredients/methicone,Methicone,,
https://incidecoder.com/ingredients/methoxycinnamidopropyl-hydroxysultaine,Methoxycinnamidopropyl Hydroxysultaine,,
https://incidecoder.com/ingredients/methoxyphenylimino-dimethylcyclohexenyl-ethyl-glycinate,Methoxyphenylimino Dimethylcyclohexenyl Ethyl Glycinate,,
https://incidecoder.com/ingredients/methyl-diisopropyl-propionamide,Methyl Diisopropyl Propionamide,51115-67-4,256-974-4
https://incidecoder.com/ingredients/methyl-gluceth-10,Methyl Gluceth-10,68239-42-9,
https://incidecoder.com/ingredients/methyl-gluceth-20,Methyl Gluceth-20,68239-42-9,
https://incidecoder.com/ingredients/methyl-glucose-sesquistearate,Methyl Glucose Sesquistearate,68936-95-8,273-049-0
https://incidecoder.com/ingredients/methyl-methacrylate-crosspolymer,Methyl Methacrylate Crosspolymer,25777-71-3,
https://incidecoder.com/ingredients/methyl-methacrylate-peg-ppg-4-3-methacrylate-crosspolymer,Methyl Methacrylate/PEG/PPG-4/3 Methacrylate Crosspolymer,,
https://incidecoder.com/ingredients/methyl-trimethicone,Methyl Trimethicone,17928-28-8,
https://incidecoder.com/ingredients/methylchloroisothiazolinone,Methylchloroisothiazolinone,26172-55-4,247-500-7
https://incidecoder.com/ingredients/methylene-bis-benzotriazolyl-tetramethylbutylphenol,Methylene Bis-Benzotriazolyl Tetramethylbutylphenol,103597-45-1,403-800-1
https://incidecoder.com/ingredients/methylglucoside-phosphate,Methylglucoside Phosphate,15416-98-5,
https://incidecoder.com/ingredients/methylheptyl-laurate,Methylheptyl Laurate,,
https://incidecoder.com/ingredients/methylisothiazolinone,Methylisothiazolinone,2682-20-4,220-239-6
https://incidecoder.com/ingredients/methylparaben,Methylparaben,99-76-3,202-785-7
https://incidecoder.com/ingredients/methylpropanediol,Methylpropanediol,2163-42-0,412-350-5
https://incidecoder.com/ingredients/mica,Mica,12001-26-2,310-127-6
https://incidecoder.com/ingredients/microcitrus-australasica-fruit-extract,Microcitrus Australasica Fruit Extract,,
https://incidecoder.com/ingredients/microcrystalline-cellulose,Microcrystalline Cellulose,9004-34-6,232-674-9
https://incidecoder.com/ingredients/montmorillonite,Montmorillonite,1318-93-0,215-288-5
https://incidecoder.com/ingredients/moringa-oleifera-seed-oil,Moringa Oleifera Seed Oil,93165-54-9,296-941-1
https://incidecoder.com/ingredients/myristic-acid,Myristic Acid,544-63-8,208-875-2
https://incidecoder.com/ingredients/myristoyl-hexapeptide-16,Myristoyl Hexapeptide-16,,
https://incidecoder.com/ingredients/myristoyl-nonapeptide-3,Myristoyl Nonapeptide-3,,
https://incidecoder.com/ingredients/myristoyl-pentapeptide-17,Myristoyl Pentapeptide-17,959610-30-1,
https://incidecoder.com/ingredients/myristyl-malate-phosphonic-acid,Myristyl Malate Phosphonic Acid,,
https://incidecoder.com/ingredients/myristyl-myristate,Myristyl Myristate,3234-85-3,221-787-9
https://incidecoder.com/ingredients/myristyl-nicotinate,Myristyl Nicotinate,273203-62-6,
https://incidecoder.com/ingredients/myrtus-communis-extract,Myrtus Communis Extract,84082-67-7,282-012-8
https://incidecoder.com/ingredients/n-butyl-alcohol,N-Butyl Alcohol,71-36-3,200-751-6
https://incidecoder.com/ingredients/neopentyl-glycol-dicaprylate-dicaprate,Neopentyl Glycol Dicaprylate/Dicaprate,70693-32-2,274-764-0
https://incidecoder.com/ingredients/neopentyl-glycol-diheptanoate,Neopentyl Glycol Diheptanoate,68855-18-5,272-469-1
https://incidecoder.com/ingredients/niacinamide,Niacinamide,98-92-0,202-713-4
https://incidecoder.com/ingredients/nigella-sativa-seed-oil,Nigella Sativa Seed Oil,90064-32-7,290-094-1
https://incidecoder.com/ingredients/nylon-12,Nylon-12,25038-74-8,
https://incidecoder.com/ingredients/octocrylene,Octocrylene,6197-30-4,228-250-8
https://incidecoder.com/ingredients/octyldodecanol,Octyldodecanol,5333-42-6,226-242-9
https://incidecoder.com/ingredients/oenothera-biennis-oil,Oenothera Biennis Oil,90028-66-3,289-859-2
https://incidecoder.com/ingredients/ogliopeptide-78,Ogliopeptide-78,,
https://incidecoder.com/ingredients/olea-europaea-fruit-oil,Olea Europaea Fruit Oil,8001-25-0,232-277-0
https://incidecoder.com/ingredients/oleic-acid,Oleic Acid,112-80-1,204-007-1
https://incidecoder.com/ingredients/oleic-linoleic-linolenic-polyglycerides,Oleic/Linoleic/Linolenic Polyglycerides,,
https://incidecoder.com/ingredients/oleth-10,Oleth-10,9004-98-2,
https://incidecoder.com/ingredients/oleth-3-phosphate,Oleth-3 Phosphate,39464-69-2,
https://incidecoder.com/ingredients/oleyl-erucate,Oleyl Erucate,17673-56-2,241-654-9
https://incidecoder.com/ingredients/oligopeptide-68,Oligopeptide-68,,
https://incidecoder.com/ingredients/olive-oil-glycereth-8-esters,Olive Oil Glycereth-8 Esters,,
https://incidecoder.com/ingredients/olive-oil-peg-7-esters,Olive Oil PEG-7 Esters,103819-46-1,
https://incidecoder.com/ingredients/onsen-sui,Onsen-Sui,,
https://incidecoder.com/ingredients/opuntia-ficus-indica-extract,Opuntia Ficus-Indica Extract,90082-21-6,290-109-1
https://incidecoder.com/ingredients/opuntia-ficus-indica-fruit-extract,Opuntia Ficus-Indica Fruit Extract,90082-21-6,290-109-1
https://incidecoder.com/ingredients/opuntia-ficus-indica-seed-oil,Opuntia Ficus-Indica Seed Oil,90082-21-6,290-109-1
https://incidecoder.com/ingredients/opuntia-ficus-indica-stem-extract,Opuntia Ficus-Indica Stem Extract,90082-21-6,290-109-1
https://incidecoder.com/ingredients/ornithine,Ornithine,70-26-8,200-731-7
https://incidecoder.com/ingredients/oryza-sativa-bran-oil,Oryza Sativa Bran Oil,68553-81-1,271-397-8
https://incidecoder.com/ingredients/oryzanol,Oryzanol,11042-64-1,
https://incidecoder.com/ingredients/ozokerite,Ozokerite,64742-33-2,265-134-6
https://incidecoder.com/ingredients/p-anisic-acid,P-Anisic Acid,100-09-4,202-818-5
https://incidecoder.com/ingredients/padina-pavonica-thallus-extract,Padina Pavonica Thallus Extract,,
https://incidecoder.com/ingredients/palmitic-acid,Palmitic Acid,57-10-3,200-312-9
https://incidecoder.com/ingredients/palmitoyl-decapeptide-21,Palmitoyl Decapeptide-21,,
https://incidecoder.com/ingredients/palmitoyl-grapevine-shoot-extract,Palmitoyl Grapevine Shoot Extract,,
https://incidecoder.com/ingredients/palmitoyl-heptapeptide-18,Palmitoyl Heptapeptide-18,,
https://incidecoder.com/ingredients/palmitoyl-hexapeptide-12,Palmitoyl Hexapeptide-12,171263-26-6,
https://incidecoder.com/ingredients/palmitoyl-hexapeptide-14,Palmitoyl Hexapeptide-14,,
https://incidecoder.com/ingredients/palmitoyl-hexapeptide-19,Palmitoyl Hexapeptide-19,,
https://incidecoder.com/ingredients/palmitoyl-hexapeptide-52,Palmitoyl Hexapeptide-52,,
https://incidecoder.com/ingredients/palmitoyl-pentapeptide-4,Palmitoyl Pentapeptide-4,,
https://incidecoder.com/ingredients/palmitoyl-tetrapeptide-7,Palmitoyl Tetrapeptide-7,,
https://incidecoder.com/ingredients/palmitoyl-tripeptide-1,Palmitoyl Tripeptide-1,147732-56-7,
https://incidecoder.com/ingredients/palmitoyl-tripeptide-38,Palmitoyl Tripeptide-38,,
https://incidecoder.com/ingredients/palmitoyl-tripeptide-5,Palmitoyl Tripeptide-5,,
https://incidecoder.com/ingredients/panax-ginseng-root-extract,Panax Ginseng Root Extract,84650-12-4,283-493-7
https://incidecoder.com/ingredients/panthenol,Panthenol,81-13-0,201-327-3
https://incidecoder.com/ingredients/parabens,Parabens,,
https://incidecoder.com/ingredients/paraffinum-liquidum,Paraffinum Liquidum,8012-95-1,232-384-2
https://incidecoder.com/ingredients/parfum,Parfum/Fragrance,,
https://incidecoder.com/ingredients/passiflora-edulis-seed-oil,Passiflora Edulis Seed Oil,91770-48-8,294-833-9
https://incidecoder.com/ingredients/pca,Pca,98-79-3,202-700-3
https://incidecoder.com/ingredients/peat,Peat,,
https://incidecoder.com/ingredients/peg-10-dimethicone,PEG-10 Dimethicone,,
https://incidecoder.com/ingredients/peg-100-stearate,PEG-100 Stearate,9004-99-3,
https://incidecoder.com/ingredients/peg-12-dimethicone,PEG-12 Dimethicone,,
https://incidecoder.com/ingredients/peg-12-dimethicone-ppg-20-crosspolymer,PEG-12 Dimethicone/PPG-20 Crosspolymer,,
https://incidecoder.com/ingredients/peg-12-glyceryl-dimyristate,PEG-12 Glyceryl Dimyristate,,
https://incidecoder.com/ingredients/peg-20-glyceryl-triisostearate,PEG-20 Glyceryl Triisostearate,,
https://incidecoder.com/ingredients/peg-20-methyl-glucose-sesquistearate,PEG-20 Methyl Glucose Sesquistearate,68389-70-8,
https://incidecoder.com/ingredients/peg-30-dipolyhydroxystearate,PEG-30 Dipolyhydroxystearate,,
https://incidecoder.com/ingredients/peg-40-hydrogenated-castor-oil,PEG-40 Hydrogenated Castor Oil,61788-85-0,
https://incidecoder.com/ingredients/peg-40-stearate,PEG-40 Stearate,9004-99-3,
https://incidecoder.com/ingredients/peg-6,PEG-6,25322-68-3,
https://incidecoder.com/ingredients/peg-6-caprylic-capric-glycerides,PEG-6 Caprylic/Capric Glycerides,,
https://incidecoder.com/ingredients/peg-60-hydrogenated-castor-oil,PEG-60 Hydrogenated Castor Oil,61788-85-0,
https://incidecoder.com/ingredients/peg-7-glyceryl-cocoate,PEG-7 Glyceryl Cocoate,66105-29-1,
https://incidecoder.com/ingredients/peg-75,PEG-75,25322-68-3,
https://incidecoder.com/ingredients/peg-8,PEG-8,5117-19-1,225-856-4
https://incidecoder.com/ingredients/peg-8-dimethicone,PEG-8 Dimethicone,,
https://incidecoder.com/ingredients/peg-9-polydimethylsiloxyethyl-dimethicone,PEG-9 Polydimethylsiloxyethyl Dimethicone,,
https://incidecoder.com/ingredients/peg-ppg-17-6-copolymer,PEG/PPG-17/6 Copolymer,9003-11-6,
https://incidecoder.com/ingredients/peg-ppg-18-18-dimethicone,PEG/PPG-18/18 Dimethicone,,
https://incidecoder.com/ingredients/peg-ppg-polybutylene-glycol-8-5-3-glycerin,PEG/PPG/Polybutylene Glycol-8/5/3 Glycerin,,
https://incidecoder.com/ingredients/pelargonium-graveolens-flower-oil,Pelargonium Graveolens Flower Oil,90082-51-2,290-140-0
https://incidecoder.com/ingredients/pelargonium-graveolens-leaf-oil,Pelargonium Graveolens Leaf Oil,,
https://incidecoder.com/ingredients/pelargonium-graveolens-leaf-flower-oil,Pelargonium Graveolens Leaf/Flower Oil,,
https://incidecoder.com/ingredients/pelargonium-graveolens-oil,Pelargonium Graveolens Oil,90082-51-2,290-140-0
https://incidecoder.com/ingredients/pentaerythrityl-tetra-di-t-butyl-hydroxyhydrocinnamate,Pentaerythrityl Tetra-Di-T-Butyl Hydroxyhydrocinnamate,6683-19-8,229-722-6
https://incidecoder.com/ingredients/pentaerythrityl-tetraethylhexanoate,Pentaerythrityl Tetraethylhexanoate,7299-99-2,230-743-8
https://incidecoder.com/ingredients/pentaerythrityl-tetraisostearate,Pentaerythrityl Tetraisostearate,62125-22-8,263-423-1
https://incidecoder.com/ingredients/pentapeptide-18,Pentapeptide-18,,
https://incidecoder.com/ingredients/pentylene-glycol,Pentylene Glycol,5343-92-0,226-285-3
https://incidecoder.com/ingredients/perfluorodecalin,Perfluorodecalin,306-94-5,206-192-4
https://incidecoder.com/ingredients/perfluorohexane,Perfluorohexane,355-42-0,206-585-0
https://incidecoder.com/ingredients/perfluoroperhydrophenanthrene,Perfluoroperhydrophenanthrene,306-91-2,400-470-0
https://incidecoder.com/ingredients/persea-gratissima-oil,Persea Gratissima Oil,8024-32-6,232-428-0
https://incidecoder.com/ingredients/persea-gratissima-oil-unsaponifiables,Persea Gratissima Oil Unsaponifiables,91770-40-0,294-825-5
https://incidecoder.com/ingredients/petrolatum,Petrolatum,8009-03-8,232-373-2
https://incidecoder.com/ingredients/phellodendron-amurense-bark-extract,Phellodendron Amurense Bark Extract,164288-52-2,
https://incidecoder.com/ingredients/phenethyl-alcohol,Phenethyl Alcohol,60-12-8,200-456-2
https://incidecoder.com/ingredients/phenoxyethanol,Phenoxyethanol,122-99-6,204-589-7
https://incidecoder.com/ingredients/phenoxyethyl-caprylate,Phenoxyethyl Caprylate,23511-73-1,
https://incidecoder.com/ingredients/phenyl-trimethicone,Phenyl Trimethicone,2116-84-9,218-320-6
https://incidecoder.com/ingredients/phenylalanine,Phenylalanine,,
https://incidecoder.com/ingredients/phenylbenzimidazole-sulfonic-acid,Phenylbenzimidazole Sulfonic Acid,27503-81-7,248-502-0
https://incidecoder.com/ingredients/phenylethyl-resorcinol,Phenylethyl Resorcinol,85-27-8,
https://incidecoder.com/ingredients/phenylpropanol,Phenylpropanol,1335-12-2,215-621-4
https://incidecoder.com/ingredients/phospholipids,Phospholipids,123465-35-0,
https://incidecoder.com/ingredients/phytic-acid,Phytic Acid,83-86-3,201-506-6
https://incidecoder.com/ingredients/phytosphingosine,Phytosphingosine,554-62-1,
https://incidecoder.com/ingredients/phytosteryl-macadamiate,Phytosteryl Macadamiate,,
https://incidecoder.com/ingredients/phytosteryl-sunflowerseedate,Phytosteryl Sunflowerseedate,,
https://incidecoder.com/ingredients/phytosteryl-octyldodecyl-lauroyl-glutamate,Phytosteryl/Octyldodecyl Lauroyl Glutamate,,
https://incidecoder.com/ingredients/pinus-pinaster-bark-extract,Pinus Pinaster Bark Extract,90082-75-0,290-166-2
https://incidecoder.com/ingredients/piper-methysticum-leaf-root-stem-extract,Piper Methysticum Leaf/Root/Stem Extract,84696-40-2,283-648-9
https://incidecoder.com/ingredients/pistacia-lentiscus-gum,Pistacia Lentiscus Gum,61789-92-2,263-098-6
https://incidecoder.com/ingredients/plantago-lanceolata-leaf-extract,Plantago Lanceolata Leaf Extract,85085-64-9,285-388-1
https://incidecoder.com/ingredients/plukenetia-volubilis-seed-oil,Plukenetia Volubilis Seed Oil,,
https://incidecoder.com/ingredients/pogostemon-cablin-leaf-oil,Pogostemon Cablin Leaf Oil,8014-09-3,-
https://incidecoder.com/ingredients/poloxamer-184,Poloxamer 184,9003-11-6,
https://incidecoder.com/ingredients/poloxamer-188,Poloxamer 188,9003-11-6,
https://incidecoder.com/ingredients/poloxamer-407,Poloxamer 407,9003-11-6,
https://incidecoder.com/ingredients/polyacrylamide,Polyacrylamide,9003-05-8,
https://incidecoder.com/ingredients/polyacrylate-crosspolymer-6,Polyacrylate Crosspolymer-6,,
https://incidecoder.com/ingredients/polyacrylate-13,Polyacrylate-13,,
https://incidecoder.com/ingredients/polyamide-8,Polyamide-8,,
https://incidecoder.com/ingredients/polyethylene,Polyethylene,,
https://incidecoder.com/ingredients/polyglucuronic-acid,Polyglucuronic Acid,36655-86-4,
https://incidecoder.com/ingredients/polyglutamic-acid,Polyglutamic Acid,25513-46-6,
https://incidecoder.com/ingredients/polyglycerin-3,Polyglycerin-3,56090-54-1,259-986-8
https://incidecoder.com/ingredients/polyglyceryl-10-behenate-eicosadioate,Polyglyceryl-10 Behenate/Eicosadioate,,
https://incidecoder.com/ingredients/polyglyceryl-10-dioleate,Polyglyceryl-10 Dioleate,33940-99-7,251-750-2
https://incidecoder.com/ingredients/polyglyceryl-10-eicosanedioate-tetradecanedioate,Polyglyceryl-10 Eicosanedioate/Tetradecanedioate,875112-30-4,
https://incidecoder.com/ingredients/polyglyceryl-10-laurate,Polyglyceryl-10 Laurate,34406-66-1,
https://incidecoder.com/ingredients/polyglyceryl-10-stearate,Polyglyceryl-10 Stearate,79777-30-3,
https://incidecoder.com/ingredients/polyglyceryl-2-caprate,Polyglyceryl-2 Caprate,156153-06-9,
https://incidecoder.com/ingredients/polyglyceryl-2-sesquicaprylate,Polyglyceryl-2 Sesquicaprylate,,
https://incidecoder.com/ingredients/polyglyceryl-3-cetearyl-ether-olivate,Polyglyceryl-3 Cetearyl Ether Olivate,,
https://incidecoder.com/ingredients/polyglyceryl-3-diisostearate,Polyglyceryl-3 Diisostearate,66082-42-6,-
https://incidecoder.com/ingredients/polyglyceryl-3-methylglucose-distearate,Polyglyceryl-3 Methylglucose Distearate,,
https://incidecoder.com/ingredients/polyglyceryl-3-polyricinoleate,Polyglyceryl-3 Polyricinoleate,29894-35-7,-
https://incidecoder.com/ingredients/polyglyceryl-4-caprate,Polyglyceryl-4 Caprate,160391-93-5,
https://incidecoder.com/ingredients/polyglyceryl-4-laurate-succinate,Polyglyceryl-4 Laurate/Succinate,,
https://incidecoder.com/ingredients/polyglyceryl-6-behenate,Polyglyceryl-6 Behenate,,
https://incidecoder.com/ingredients/polyglyceryl-6-polyricinoleate,Polyglyceryl-6 Polyricinoleate,107615-51-0,
https://incidecoder.com/ingredients/polyglyceryl-6-stearate,Polyglyceryl-6 Stearate,95461-65-7,
https://incidecoder.com/ingredients/polygonum-aviculare-extract,Polygonum Aviculare Extract,84604-04-6,283-280-9
https://incidecoder.com/ingredients/polyhydroxystearic-acid,Polyhydroxystearic Acid,27924-99-8,-
https://incidecoder.com/ingredients/polyisobutene,Polyisobutene,9003-27-4,
https://incidecoder.com/ingredients/polymethyl-methacrylate,Polymethyl Methacrylate,9011-14-7,
https://incidecoder.com/ingredients/polymethylsilsesquioxane,Polymethylsilsesquioxane,68554-70-1,
https://incidecoder.com/ingredients/polypodium-vulgare-rhizome-extract,Polypodium Vulgare Rhizome Extract,84929-44-2,284-527-3
https://incidecoder.com/ingredients/polypropylsilsesquioxane,Polypropylsilsesquioxane,36088-62-7,
https://incidecoder.com/ingredients/polyquaternium-10,Polyquaternium-10,81859-24-7,
https://incidecoder.com/ingredients/polyquaternium-37,Polyquaternium-37,26161-33-1,
https://incidecoder.com/ingredients/polyquaternium-51,Polyquaternium-51,125275-25-4,
https://incidecoder.com/ingredients/polysilicone-11,Polysilicone-11,63394-02-5,
https://incidecoder.com/ingredients/polysilicone-15,Polysilicone-15,207574-74-1,
https://incidecoder.com/ingredients/polysorbate-20,Polysorbate 20,9005-64-5,
https://incidecoder.com/ingredients/polysorbate-60,Polysorbate 60,9005-67-8,
https://incidecoder.com/ingredients/polysorbate-80,Polysorbate 80,9005-65-6,
https://incidecoder.com/ingredients/pongamia-glabra-seed-oil,Pongamia Glabra Seed Oil,,
https://incidecoder.com/ingredients/portulaca-oleracea-extract,Portulaca Oleracea Extract,90083-07-1,290-201-1
https://incidecoder.com/ingredients/potassium-acrylates-c10-30-alkyl-acrylate-crosspolymer,Potassium Acrylates/C10-30 Alkyl Acrylate Crosspolymer,,
https://incidecoder.com/ingredients/potassium-alum,Potassium Alum,10043-67-1,233-141-3
https://incidecoder.com/ingredients/potassium-azeloyl-diglycinate,Potassium Azeloyl Diglycinate,477773-67-4,470-270-6
https://incidecoder.com/ingredients/potassium-cetyl-phosphate,Potassium Cetyl Phosphate,84861-79-0,284-374-2
https://incidecoder.com/ingredients/potassium-cocoyl-glycinate,Potassium Cocoyl Glycinate,301341-58-2,
https://incidecoder.com/ingredients/potassium-hydroxide,Potassium Hydroxide,1310-58-3,215-181-3
https://incidecoder.com/ingredients/potassium-phosphate,Potassium Phosphate,7778-77-0,231-913-4
https://incidecoder.com/ingredients/potassium-sorbate,Potassium Sorbate,24634-61-5,246-376-1
https://incidecoder.com/ingredients/ppg-10-methyl-glucose-ether,PPG-10 Methyl Glucose Ether,61849-72-7,
https://incidecoder.com/ingredients/ppg-12-buteth-16,PPG-12-Buteth-16,9038-95-3,
https://incidecoder.com/ingredients/ppg-15-stearyl-ether-benzoate,PPG-15 Stearyl Ether Benzoate,,
https://incidecoder.com/ingredients/ppg-26-buteth-26,PPG-26-Buteth-26,9038-95-3,
https://incidecoder.com/ingredients/ppg-3-isostearyl-methyl-ether,PPG-3 Isostearyl Methyl Ether,1429060-56-9,
https://incidecoder.com/ingredients/ppg-5-ceteth-20,PPG-5-Ceteth-20,9087-53-0,
https://incidecoder.com/ingredients/proline,Proline,,
https://incidecoder.com/ingredients/propane,Propane,,
https://incidecoder.com/ingredients/propanediol,Propanediol,,
https://incidecoder.com/ingredients/propylene-glycol,Propylene Glycol,57-55-6,200-338-0
https://incidecoder.com/ingredients/propylene-glycol-dicaprylate-dicaprate,Propylene Glycol Dicaprylate/Dicaprate,68583-51-7,271-516-3
https://incidecoder.com/ingredients/propylheptyl-caprylate,Propylheptyl Caprylate,868839-23-0,
https://incidecoder.com/ingredients/propylparaben,Propylparaben,94-13-3,202-307-7
https://incidecoder.com/ingredients/prunus-amygdalus-dulcis-oil,Prunus Amygdalus Dulcis Oil,8007-69-0,-
https://incidecoder.com/ingredients/prunus-armeniaca-kernel-oil,Prunus Armeniaca Kernel Oil,68650-44-2,272-046-1
https://incidecoder.com/ingredients/prunus-domestica-seed-extract,Prunus Domestica Seed Extract,90082-87-4,290-179-3
https://incidecoder.com/ingredients/pseudoalteromonas-exopolysaccharides,Pseudoalteromonas Exopolysaccharides,,
https://incidecoder.com/ingredients/pseudoalteromonas-ferment-extract,Pseudoalteromonas Ferment Extract,,
https://incidecoder.com/ingredients/pseudozyma-epicola,Pseudozyma Epicola,,
https://incidecoder.com/ingredients/pseudozyma-epicola-camellia-sinensis-seed-oil-glucose-glycine-soja-meal-malt-extract-yeast-extract-ferment-filtrate,Pseudozyma Epicola/Camellia Sinensis Seed Oil/Glucose/Glycine Soja Meal/Malt Extract/Yeast Extract Ferment Filtrate,,
https://incidecoder.com/ingredients/pullulan,Pullulan,9057-02-7,232-945-1
https://incidecoder.com/ingredients/pulsatilla-koreana-extract,Pulsatilla Koreana Extract,,
https://incidecoder.com/ingredients/punica-granatum-seed-oil,Punica Granatum Seed Oil,84961-57-9,284-646-0
https://incidecoder.com/ingredients/pvm-ma-decadiene-crosspolymer,PVM/MA Decadiene Crosspolymer,136392-67-1,
https://incidecoder.com/ingredients/pvp,PVP,9003-39-8,
https://incidecoder.com/ingredients/pyrus-malus-fruit-extract,Pyrus Malus Fruit Extract,85251-63-4,286-475-7
https://incidecoder.com/ingredients/quercetin,Quercetin,117-39-5,204-187-1
https://incidecoder.com/ingredients/raffinose,Raffinose,512-69-6,208-146-9
https://incidecoder.com/ingredients/raspberry-ketone,Raspberry Ketone,5471-51-2,226-806-4
https://incidecoder.com/ingredients/raspberry-seed-oil-tocopheryl-succinate-aminopropanediol-esters,Raspberry Seed Oil/Tocopheryl Succinate Aminopropanediol Esters,,
https://incidecoder.com/ingredients/resveratrol,Resveratrol,501-36-0,
https://incidecoder.com/ingredients/retinal,Retinal,116-31-4,204-135-8
https://incidecoder.com/ingredients/retinol,Retinol,68-26-8,200-683-7
https://incidecoder.com/ingredients/retinyl-palmitate,Retinyl Palmitate,79-81-2,201-228-5
https://incidecoder.com/ingredients/retinyl-propionate,Retinyl Propionate,7069-42-3,230-363-2
https://incidecoder.com/ingredients/retinyl-retinoate,Retinyl Retinoate,15498-86-9,
https://incidecoder.com/ingredients/ricinus-communis-seed-oil,Ricinus Communis Seed Oil,8001-79-4,232-293-8
https://incidecoder.com/ingredients/rosa-canina-fruit-oil,Rosa Canina Fruit Oil,84696-47-9,283-652-0
https://incidecoder.com/ingredients/rosa-canina-seed-oil,Rosa Canina Seed Oil,,
https://incidecoder.com/ingredients/rosa-damascena-absolute,Rosa Damascena Absolute,,
https://incidecoder.com/ingredients/rosa-damascena-flower-cera,Rosa Damascena Flower Cera,90106-38-0,290-260-3
https://incidecoder.com/ingredients/rosa-damascena-flower-oil,Rosa Damascena Flower Oil,90106-38-0,290-260-3
https://incidecoder.com/ingredients/rosa-damascena-flower-water,Rosa Damascena Flower Water,90106-38-0,290-260-3
https://incidecoder.com/ingredients/rosa-rubiginosa-seed-oil,Rosa Rubiginosa Seed Oil,,
https://incidecoder.com/ingredients/rosmarinus-officinalis-leaf-extract,Rosmarinus Officinalis Leaf Extract,84604-14-8,283-291-9
https://incidecoder.com/ingredients/rosmarinus-officinalis-leaf-oil,Rosmarinus Officinalis Leaf Oil,84604-14-8,283-291-9
https://incidecoder.com/ingredients/rosmarinyl-glucoside,Rosmarinyl Glucoside,,
https://incidecoder.com/ingredients/rubus-fruticosus-seed-oil,Rubus Fruticosus Seed Oil,,
https://incidecoder.com/ingredients/rubus-idaeus-fruit-extract,Rubus Idaeus Fruit Extract,84929-76-0,284-554-0
https://incidecoder.com/ingredients/rumex-acetosa-leaf-extract,Rumex Acetosa Leaf Extract,90106-39-1,290-261-9
https://incidecoder.com/ingredients/ruscus-aculeatus-root-extract,Ruscus Aculeatus Root Extract,84012-38-4,281-682-9
https://incidecoder.com/ingredients/rutin,Rutin,153-18-4,205-814-1
https://incidecoder.com/ingredients/saccharide-isomerate,Saccharide Isomerate,100843-69-4,
https://incidecoder.com/ingredients/saccharomyces-cerevisiae-extract,Saccharomyces Cerevisiae Extract,84604-16-0,283-294-5
https://incidecoder.com/ingredients/saccharomyces-ferment,Saccharomyces Ferment,,
https://incidecoder.com/ingredients/saccharomyces-ferment-filtrate,Saccharomyces Ferment Filtrate,,
https://incidecoder.com/ingredients/saccharomyces-camellia-sinensis-leaf-cladosiphon-okamuranus-rice-ferment-filtrate,Saccharomyces/Camellia Sinensis Leaf/Cladosiphon Okamuranus/Rice Ferment Filtrate,,
https://incidecoder.com/ingredients/saccharum-officinarum-extract,Saccharum Officinarum Extract,91722-22-4,294-424-5
https://incidecoder.com/ingredients/safflower-oil-palm-oil-aminopropanediol-esters,Safflower Oil/Palm Oil Aminopropanediol Esters,,
https://incidecoder.com/ingredients/salicornia-herbacea-extract,Salicornia Herbacea Extract,91845-47-5,295-221-4
https://incidecoder.com/ingredients/salicylic-acid,Salicylic Acid,69-72-7,200-712-3
https://incidecoder.com/ingredients/salix-alba-bark-extract,Salix Alba Bark Extract,84082-82-6,282-029-0
https://incidecoder.com/ingredients/salvia-hispanica-seed-oil,Salvia Hispanica Seed Oil,93384-40-8,297-250-8
https://incidecoder.com/ingredients/sapindus-mukurossi-fruit-extract,Sapindus Mukorossi Fruit Extract,,
https://incidecoder.com/ingredients/sarcodon-aspratus-extract,Sarcodon Aspratus Extract,,
https://incidecoder.com/ingredients/schisandra-sphenanthera-fruit-extract,Schisandra Sphenanthera Fruit Extract,,
https://incidecoder.com/ingredients/sclerocarya-birrea-seed-oil,Sclerocarya Birrea  Seed Oil,,
https://incidecoder.com/ingredients/sclerotium-gum,Sclerotium Gum,39464-87-4,254-464-6
https://incidecoder.com/ingredients/scutellaria-baicalensis-root-extract,Scutellaria Baicalensis Root Extract,94279-99-9,304-845-9
https://incidecoder.com/ingredients/sd-alcohol-40-b,Sd Alcohol 40-B,,
https://incidecoder.com/ingredients/secale-cereale-seed-extract,Secale Cereale Seed Extract,90106-48-2,290-271-3
https://incidecoder.com/ingredients/sericite-m12-nll,Sericite M12 NLL,,
https://incidecoder.com/ingredients/serine,Serine,,
https://incidecoder.com/ingredients/sesamum-indicum-seed-oil,Sesamum Indicum Seed Oil,8008-74-0,232-370-6
https://incidecoder.com/ingredients/sh-decapeptide-7,SH-Decapeptide-7,,
https://incidecoder.com/ingredients/sh-octapeptide-4,SH-Octapeptide-4,,
https://incidecoder.com/ingredients/sh-oligopeptide-1,SH-Oligopeptide-1,,
https://incidecoder.com/ingredients/sh-oligopeptide-2,SH-Oligopeptide-2,,
https://incidecoder.com/ingredients/sh-polypeptide-1,SH-Polypeptide-1,,
https://incidecoder.com/ingredients/sh-polypeptide-11,SH-Polypeptide-11,,
https://incidecoder.com/ingredients/sh-polypeptide-9,SH-Polypeptide-9,,
https://incidecoder.com/ingredients/shea-butter-ethyl-esters,Shea Butter Ethyl Esters,,
https://incidecoder.com/ingredients/silica,Silica,7631-86-9,231-545-4
https://incidecoder.com/ingredients/silica-dimethyl-silylate,Silica Dimethyl Silylate,68611-44-9,271-893-4
https://incidecoder.com/ingredients/silica-silylate,Silica Silylate,,
https://incidecoder.com/ingredients/silybum-marianum-extract,Silybum Marianum Extract,84604-20-6,283-298-7
https://incidecoder.com/ingredients/silybum-marianum-seed-oil,Silybum Marianum Seed Oil,84604-20-6,283-298-7
https://incidecoder.com/ingredients/simethicone,Simethicone,8050-81-5,
https://incidecoder.com/ingredients/simmondsia-chinensis-seed-oil,Simmondsia Chinensis Seed Oil,90045-98-0,289-964-3
https://incidecoder.com/ingredients/snail-egg-extract,Snail Egg Extract,,
https://incidecoder.com/ingredients/snail-secretion-filtrate,Snail Secretion Filtrate,,
https://incidecoder.com/ingredients/sodium-acetylated-hyaluronate,Sodium Acetylated Hyaluronate,,
https://incidecoder.com/ingredients/sodium-acrylate-sodium-acryloyldimethyl-taurate-copolymer,Sodium Acrylate/Sodium Acryloyldimethyl Taurate Copolymer,,
https://incidecoder.com/ingredients/sodium-acrylates-copolymer,Sodium Acrylates Copolymer,,
https://incidecoder.com/ingredients/sodium-acrylates-crosspolymer-2,Sodium Acrylates Crosspolymer-2,,
https://incidecoder.com/ingredients/sodium-acrylates-c10-30-alkyl-acrylate-crosspolymer,Sodium Acrylates/C10-30 Alkyl Acrylate Crosspolymer,,
https://incidecoder.com/ingredients/sodium-ascorbyl-phosphate,Sodium Ascorbyl Phosphate,66170-10-3,425-180-1
https://incidecoder.com/ingredients/sodium-benzoate,Sodium Benzoate,532-32-1,208-534-8
https://incidecoder.com/ingredients/sodium-borate,Sodium Borate,1330-43-4,215-540-4
https://incidecoder.com/ingredients/sodium-butyroyl-hyaluronate,Sodium Butyroyl Hyaluronate,942471-70-7,
https://incidecoder.com/ingredients/sodium-c14-16-olefin-sulfonate,Sodium C14-16 Olefin Sulfonate,68439-57-6,270-407-8
https://incidecoder.com/ingredients/sodium-carbomer,Sodium Carbomer,73298-57-4,
https://incidecoder.com/ingredients/sodium-chloride,Sodium Chloride,7647-14-5,231-598-3
https://incidecoder.com/ingredients/sodium-chondroitin-sulfate,Sodium Chondroitin Sulfate,9007-28-7,232-696-9
https://incidecoder.com/ingredients/sodium-citrate,Sodium Citrate,68-04-2,200-675-3
https://incidecoder.com/ingredients/sodium-cocoamphoacetate,Sodium Cocoamphoacetate,90387-76-1,291-352-6
https://incidecoder.com/ingredients/sodium-cocoyl-glutamate,Sodium Cocoyl Glutamate,68187-32-6,269-087-2
https://incidecoder.com/ingredients/sodium-cocoyl-isethionate,Sodium Cocoyl Isethionate,61789-32-0,263-052-5
https://incidecoder.com/ingredients/sodium-cocoyl-sarcosinate,Sodium Cocoyl Sarcosinate,61791-59-1,263-193-2
https://incidecoder.com/ingredients/sodium-dehydroacetate,Sodium Dehydroacetate,4418-26-2,224-580-1
https://incidecoder.com/ingredients/sodium-gluconate,Sodium Gluconate,527-07-1,208-407-7
https://incidecoder.com/ingredients/sodium-hyaluronate,Sodium Hyaluronate,9067-32-7,
https://incidecoder.com/ingredients/sodium-hyaluronate-crosspolymer,Sodium Hyaluronate Crosspolymer,105524-32-1,
https://incidecoder.com/ingredients/sodium-hydroxide,Sodium Hydroxide,1310-73-2,215-185-5
https://incidecoder.com/ingredients/sodium-lactate,Sodium Lactate,72-17-3,200-772-0
https://incidecoder.com/ingredients/sodium-laureth-sulfate,Sodium Laureth Sulfate,3088-31-1,221-416-0
https://incidecoder.com/ingredients/sodium-lauroamphoacetate,Sodium Lauroamphoacetate,66161-62-4,266-197-2
https://incidecoder.com/ingredients/sodium-lauroyl-glutamate,Sodium Lauroyl Glutamate,29923-31-7,249-958-3
https://incidecoder.com/ingredients/sodium-lauroyl-lactylate,Sodium Lauroyl Lactylate,13557-75-0,236-942-6
https://incidecoder.com/ingredients/sodium-lauroyl-methyl-isethionate,Sodium Lauroyl Methyl Isethionate,,
https://incidecoder.com/ingredients/sodium-lauroyl-sarcosinate,Sodium Lauroyl Sarcosinate,137-16-6,205-281-5
https://incidecoder.com/ingredients/sodium-lauryl-sulfate,Sodium Lauryl Sulfate,151-21-3,205-788-1
https://incidecoder.com/ingredients/sodium-lauryl-sulfoacetate,Sodium Lauryl Sulfoacetate,1847-58-1,217-431-7
https://incidecoder.com/ingredients/sodium-methyl-cocoyl-taurate,Sodium Methyl Cocoyl Taurate,61791-42-2,263-174-9
https://incidecoder.com/ingredients/sodium-methyl-oleoyl-taurate,Sodium Methyl Oleoyl Taurate,137-20-2,205-285-7
https://incidecoder.com/ingredients/sodium-methyl-stearoyl-taurate,Sodium Methyl Stearoyl Taurate,149-39-3,205-738-9
https://incidecoder.com/ingredients/sodium-pca,Sodium PCA,28874-51-3,249-277-1
https://incidecoder.com/ingredients/sodium-phenylbenzimidazole-sulfonate,Sodium Phenylbenzimidazole Sulfonate,5997-53-5,
https://incidecoder.com/ingredients/sodium-phytate,Sodium Phytate,14306-25-3,238-242-6
https://incidecoder.com/ingredients/sodium-polyacrylate,Sodium Polyacrylate,9003-04-7,
https://incidecoder.com/ingredients/sodium-salicylate,Sodium Salicylate,54-21-7,200-198-0
https://incidecoder.com/ingredients/sodium-stearate,Sodium Stearate,822-16-2,212-490-5
https://incidecoder.com/ingredients/sodium-stearoyl-glutamate,Sodium Stearoyl Glutamate,38517-23-6,253-980-9
https://incidecoder.com/ingredients/soluble-collagen,Soluble Collagen,,
https://incidecoder.com/ingredients/solum-fullonum,Solum Fullonum,8031-18-3,310-127-6
https://incidecoder.com/ingredients/sorbeth-30-tetraoleate,Sorbeth-30 Tetraoleate,,
https://incidecoder.com/ingredients/sorbic-acid,Sorbic Acid,110-44-1,203-768-7
https://incidecoder.com/ingredients/sorbitan-caprylate,Sorbitan Caprylate,60177-36-8,262-098-3
https://incidecoder.com/ingredients/sorbitan-isostearate,Sorbitan Isostearate,71902-01-7,276-171-2
https://incidecoder.com/ingredients/sorbitan-laurate,Sorbitan Laurate,1338-39-2,215-663-3
https://incidecoder.com/ingredients/sorbitan-oleate,Sorbitan Oleate,1338-43-8,215-665-4
https://incidecoder.com/ingredients/sorbitan-olivate,Sorbitan Olivate,223706-40-9,
https://incidecoder.com/ingredients/sorbitan-palmitate,Sorbitan Palmitate,26266-57-9,247-568-8
https://incidecoder.com/ingredients/sorbitan-sesquiisostearate,Sorbitan Sesquiisostearate,71812-38-9,
https://incidecoder.com/ingredients/sorbitan-sesquioleate,Sorbitan Sesquioleate,8007-43-0,232-360-1
https://incidecoder.com/ingredients/sorbitan-stearate,Sorbitan Stearate,1338-41-6,215-664-9
https://incidecoder.com/ingredients/sorbitan-trioleate,Sorbitan Trioleate,26266-58-0,247-569-3
https://incidecoder.com/ingredients/sorbitol,Sorbitol,50-70-4,200-061-5
https://incidecoder.com/ingredients/soy-amino-acids,Soy Amino Acids,,
https://incidecoder.com/ingredients/soy-isoflavones,Soy Isoflavones,,
https://incidecoder.com/ingredients/spiraea-ulmaria-extract,Spiraea Ulmaria Extract,84775-57-5,283-886-3
https://incidecoder.com/ingredients/squalane,Squalane,111-01-3,203-825-6
https://incidecoder.com/ingredients/squalene,Squalene,111-02-4,203-826-1
https://incidecoder.com/ingredients/steareth-2,Steareth-2,9005-00-9,500-017-8
https://incidecoder.com/ingredients/steareth-20,Steareth-20,9005-00-9,
https://incidecoder.com/ingredients/steareth-21,Steareth-21,9005-00-9,
https://incidecoder.com/ingredients/stearic-acid,Stearic Acid,,
https://incidecoder.com/ingredients/stearyl-alcohol,Stearyl Alcohol,112-92-5,204-017-6
https://incidecoder.com/ingredients/stearyl-heptanoate,Stearyl Heptanoate,66009-41-4,266-065-4
https://incidecoder.com/ingredients/styrax-benzoin-resin-extract,Styrax Benzoin Resin Extract,84929-79-3,284-557-7
https://incidecoder.com/ingredients/styrax-tonkinensis-resin-extract,Styrax Tonkinensis Resin Extract,9000-72-0,232-556-7
https://incidecoder.com/ingredients/styrene-acrylates-copolymer,Styrene/Acrylates Copolymer,9010-92-8,
https://incidecoder.com/ingredients/sucrose,Sucrose,57-50-1,200-334-9
https://incidecoder.com/ingredients/sucrose-laurate,Sucrose Laurate,25339-99-5,246-873-3
https://incidecoder.com/ingredients/sucrose-palmitate,Sucrose Palmitate,26446-38-8,247-706-7
https://incidecoder.com/ingredients/sucrose-stearate,Sucrose Stearate,25168-73-4,246-705-9
https://incidecoder.com/ingredients/sulfur,Sulfur,7704-34-9,231-722-6
https://incidecoder.com/ingredients/superoxide-dismutase,Superoxide Dismutase,9054-89-1,232-943-0
https://incidecoder.com/ingredients/symphytum-officinale-root-extract,Symphytum Officinale Root Extract,84696-05-9,283-625-3
https://incidecoder.com/ingredients/syntacks,Syntacks,,
https://incidecoder.com/ingredients/synthetic-fluorphlogopite,Synthetic Fluorphlogopite,12003-38-2,234-426-5
https://incidecoder.com/ingredients/t-butyl-alcohol,T-Butyl Alcohol,75-65-0,200-889-7
https://incidecoder.com/ingredients/talc,Talc,14807-96-6,238-877-9
https://incidecoder.com/ingredients/tamarindus-indica-seed-gum,Tamarindus Indica Seed Gum,84961-62-6,284-651-8
https://incidecoder.com/ingredients/tapioca-starch,Tapioca Starch,9005-25-8,232-679-6
https://incidecoder.com/ingredients/taraxacum-officinale-leaf-extract,Taraxacum Officinale Leaf Extract,68990-74-9,273-624-6
https://incidecoder.com/ingredients/tasmannia-lanceolata-fruit-leaf-extract,Tasmannia Lanceolata Fruit/Leaf Extract,,
https://incidecoder.com/ingredients/tea-lactate,Tea-Lactate,20475-12-1,243-846-8
https://incidecoder.com/ingredients/teprenone,Teprenone,6809-52-5,
https://incidecoder.com/ingredients/terephthalylidene-dicamphor-sulfonic-acid,Terephthalylidene Dicamphor Sulfonic Acid,92761-26-7,410-960-6
https://incidecoder.com/ingredients/tetradecyl-aminobutyroylvalylaminobutyric-urea-trifluoroacetate,Tetradecyl Aminobutyroylvalylaminobutyric Urea Trifluoroacetate,934368-60-2,
https://incidecoder.com/ingredients/tetrahexyldecyl-ascorbate,Tetrahexyldecyl Ascorbate,183476-82-6,
https://incidecoder.com/ingredients/tetrahydrobisdemethoxydiferuloylmethane,Tetrahydrobisdemethoxydiferuloylmethane,113482-94-3,
https://incidecoder.com/ingredients/tetrahydrodemethoxydiferuloylmethane,Tetrahydrodemethoxydiferuloylmethane,149579-07-7,
https://incidecoder.com/ingredients/tetrahydrodiferuloylmethane,Tetrahydrodiferuloylmethane,36062-04-1,
https://incidecoder.com/ingredients/tetrapeptide-14,Tetrapeptide-14,,
https://incidecoder.com/ingredients/tetrapeptide-17,Tetrapeptide-17,,
https://incidecoder.com/ingredients/tetrapeptide-21,Tetrapeptide-21,,
https://incidecoder.com/ingredients/tetrapeptide-30,Tetrapeptide-30,,
https://incidecoder.com/ingredients/tetrasodium-edta,Tetrasodium EDTA,64-02-8,200-573-9
https://incidecoder.com/ingredients/tetrasodium-tetracarboxymethyl-naringeninchalcone,Tetrasodium Tetracarboxymethyl Naringeninchalcone,,
https://incidecoder.com/ingredients/theobroma-cacao-seed-butter,Theobroma Cacao Seed Butter,84649-99-0,283-480-6
https://incidecoder.com/ingredients/thioctic-acid,Thioctic Acid,1077-28-7,214-071-2
https://incidecoder.com/ingredients/threonine,Threonine,,
https://incidecoder.com/ingredients/thymus-vulgaris-flower-leaf-oil,Thymus Vulgaris  Flower/Leaf Oil,,
https://incidecoder.com/ingredients/tin-oxide,Tin Oxide,18282-10-5,242-159-0
https://incidecoder.com/ingredients/titanium-dioxide,Titanium Dioxide,13463-67-7,236-675-5
https://incidecoder.com/ingredients/tocopherol,Tocopherol,54-28-4,200-201-5
https://incidecoder.com/ingredients/tocopheryl-acetate,Tocopheryl Acetate,7695-91-2,231-710-0
https://incidecoder.com/ingredients/trehalose,Trehalose,99-20-7,202-739-6
https://incidecoder.com/ingredients/tremella-fuciformis-polysaccharide,Tremella Fuciformis Polysaccharide,,
https://incidecoder.com/ingredients/tremella-fuciformis-sporocarp-extract,Tremella Fuciformis Sporocarp Extract,,
https://incidecoder.com/ingredients/tretinoin,Tretinoin,,
https://incidecoder.com/ingredients/tribehenin,Tribehenin,18641-57-1,242-471-7
https://incidecoder.com/ingredients/tridecyl-stearate,Tridecyl Stearate,31556-45-3,250-696-7
https://incidecoder.com/ingredients/tridecyl-trimellitate,Tridecyl Trimellitate,94109-09-8,302-446-4
https://incidecoder.com/ingredients/triethanolamine,Triethanolamine,102-71-6,203-049-8
https://incidecoder.com/ingredients/triethoxycaprylylsilane,Triethoxycaprylylsilane,2943-75-1,220-941-2
https://incidecoder.com/ingredients/triethoxysilylethyl-polydimethylsiloxyethyl-hexyl-dimethicone,Triethoxysilylethyl Polydimethylsiloxyethyl Hexyl Dimethicone,,
https://incidecoder.com/ingredients/triethylhexanoin,Triethylhexanoin,7360-38-5,230-896-0
https://incidecoder.com/ingredients/trifluoroacetyl-tripeptide-2,Trifluoroacetyl Tripeptide-2,,
https://incidecoder.com/ingredients/triheptanoin,Triheptanoin,620-67-7,210-647-2
https://incidecoder.com/ingredients/trihydroxystearin,Trihydroxystearin,139-44-6,205-364-6
https://incidecoder.com/ingredients/trimethylsiloxysilicate,Trimethylsiloxysilicate,,
https://incidecoder.com/ingredients/triolein,Triolein,122-32-7,204-534-7
https://incidecoder.com/ingredients/tripeptide-1,Tripeptide-1,,
https://incidecoder.com/ingredients/tripeptide-29,Tripeptide-29,,
https://incidecoder.com/ingredients/tris-biphenyl-triazine,Tris-Biphenyl Triazine,31274-51-8,
https://incidecoder.com/ingredients/trisiloxane,Trisiloxane,107-51-7,203-497-4
https://incidecoder.com/ingredients/trisodium-edta,Trisodium EDTA,150-38-9,205-758-8
https://incidecoder.com/ingredients/trisodium-ethylenediamine-disuccinate,Trisodium Ethylenediamine Disuccinate,20846-91-7,
https://incidecoder.com/ingredients/triticum-vulgare-germ-extract,Triticum Vulgare Germ Extract,84012-44-2,281-689-7
https://incidecoder.com/ingredients/tromethamine,Tromethamine,77-86-1,201-064-4
https://incidecoder.com/ingredients/tropolone,Tropolone,533-75-5,208-577-2
https://incidecoder.com/ingredients/tuber-melanosporum-extract,Tuber Melanosporum Extract,85085-76-3,285-398-6
https://incidecoder.com/ingredients/ubiquinone,Ubiquinone,303-98-0,206-147-9
https://incidecoder.com/ingredients/ulmus-davidiana-root-extract,Ulmus Davidiana Root Extract,,
https://incidecoder.com/ingredients/undecylenoyl-phenylalanine,Undecylenoyl Phenylalanine,175357-18-3,
https://incidecoder.com/ingredients/urea,Urea,,
https://incidecoder.com/ingredients/urtica-dioica-leaf-extract,Urtica Dioica Leaf Extract,84012-40-8,281-685-5
https://incidecoder.com/ingredients/usnea-barbata-extract,Usnea Barbata Extract,84696-53-7,283-658-3
https://incidecoder.com/ingredients/vaccinium-macrocarpon-seed-oil,Vaccinium Macrocarpon Seed Oil,91770-88-6,294-875-8
https://incidecoder.com/ingredients/valine,Valine,,
https://incidecoder.com/ingredients/vinegar,Vinegar,8028-52-2,
https://incidecoder.com/ingredients/vinyl-dimethicone-methicone-silsesquioxane-crosspolymer,Vinyl Dimethicone/Methicone Silsesquioxane Crosspolymer,,
https://incidecoder.com/ingredients/vitis-vinifera-extract,Vitis Vinifera Extract,,
https://incidecoder.com/ingredients/vitis-vinifera-fruit-extract,Vitis Vinifera Fruit Extract,85594-37-2,287-896-9
https://incidecoder.com/ingredients/vitis-vinifera-juice-extract,Vitis Vinifera Juice Extract,85594-37-2,287-896-9
https://incidecoder.com/ingredients/vitis-vinifera-seed-extract,Vitis Vinifera Seed Extract,84929-27-1,284-511-6
https://incidecoder.com/ingredients/vitis-vinifera-seed-oil,Vitis Vinifera Seed Oil,85594-37-2,287-896-9
https://incidecoder.com/ingredients/vp-va-copolymer,VP/VA Copolymer,25086-89-9,
https://incidecoder.com/ingredients/water,Water,7732-18-5,231-791-2
https://incidecoder.com/ingredients/wheat-and-oat-sugars,Wheat and Oat Sugars,,
https://incidecoder.com/ingredients/whey-protein,Whey Protein,84082-51-9,
https://incidecoder.com/ingredients/xanthan-gum,Xanthan Gum,11138-66-2,234-394-2
https://incidecoder.com/ingredients/xanthophyll,Xanthophyll,,
https://incidecoder.com/ingredients/xylitol,Xylitol,87-99-0,201-788-0
https://incidecoder.com/ingredients/xylitylglucoside,Xylitylglucoside,,
https://incidecoder.com/ingredients/yeast-extract,Yeast Extract,8013-01-2,232-387-9
https://incidecoder.com/ingredients/zanthoxylum-piperitum-fruit-extract,Zanthoxylum Piperitum Fruit Extract,97404-53-0,306-820-8
https://incidecoder.com/ingredients/zea-mays-starch,Zea Mays Starch,9005-25-8,232-679-6
https://incidecoder.com/ingredients/zinc-gluconate,Zinc Gluconate,4468-02-4,224-736-9
https://incidecoder.com/ingredients/zinc-oxide,Zinc Oxide,1314-13-2,215-222-5
https://incidecoder.com/ingredients/zinc-palmitoyl-nonapeptide-14,Zinc Palmitoyl Nonapeptide-14,,
https://incidecoder.com/ingredients/zinc-pca,Zinc Pca,68107-75-5,268-475-9
https://incidecoder.com/ingredients/zinc-stearate,Zinc Stearate,557-05-1,209-151-9
https://incidecoder.com/ingredients/zingiber-officinale-root-extract,Zingiber Officinale Root Extract,84696-15-1,283-634-2
