master_id,alias_name
"1,2-hexanediol","1,2-Hexanediol"
4-methylbenzylidene camphor,4-Methylbenzylidene Camphor
4-t-butylcyclohexanol,4-T-Butylcyclohexanol
acacia decurrens flower wax,Acacia Decurrens Flower Wax
acacia decurrens/jojoba/ sunflower seed wax polyglyceryl-3 esters,Acacia Decurrens/Jojoba/ Sunflower Seed Wax Polyglyceryl-3 Esters
acacia senegal gum,Acacia Senegal Gum
acer saccharum extract,Acer Saccharum Extract
acetamidoethoxyethanol,Acetamidoethoxyethanol
acetic acid,Acetic Acid
acetyl dipeptide-1 cetyl ester,Acetyl Dipeptide-1 Cetyl Ester
acetyl glucosamine,Acetyl Glucosamine
acetyl glycyl beta-alanine,Acetyl Glycyl Beta-Alanine
acetyl hexapeptide-1,Acetyl Hexapeptide-1
acetyl hexapeptide-8,Acetyl Hexapeptide-8
acetyl octapeptide-3,Acetyl Octapeptide-3
acetyl tetrapeptide-2,Acetyl Tetrapeptide-2
acetyl tetrapeptide-3,Acetyl Tetrapeptide-3
acetyl tetrapeptide-5,Acetyl Tetrapeptide-5
acetylarginyltryptophyl diphenylglycine,Acetylarginyltryptophyl Diphenylglycine
acrylates copolymer,Acrylates Copolymer
acrylates/c10-30 alkyl acrylate crosspolymer,Acrylates/C10-30 Alkyl Acrylate Crosspolymer
acrylates/c12-22 alkyl methacrylate copolymer,Acrylates/C12-22 Alkyl Methacrylate Copolymer
acrylates/dimethicone copolymer,Acrylates/Dimethicone Copolymer
acrylates/ethylhexyl acrylate crosspolymer,Acrylates/Ethylhexyl Acrylate Crosspolymer
acrylonitrile/methyl methacrylate/vinylidene chloride copolymer,Acrylonitrile/Methyl Methacrylate/Vinylidene Chloride Copolymer
adansonia digitata seed oil,Adansonia Digitata Seed Oil
adenosine,Adenosine
adipic acid/neopentyl glycol crosspolymer,Adipic Acid/Neopentyl Glycol Crosspolymer
aesculus hippocastanum seed extract,Aesculus Hippocastanum Seed Extract
agonis fragrans branch/leaf oil,Agonis Fragrans Branch/Leaf Oil
ahnfeltia concinna extract,Ahnfeltia Concinna Extract
alanine,Alanine
alcohol,Alcohol
alcohol denat.,Alcohol Denat.
aleurites moluccana seed oil,Aleurites Moluccana Seed Oil
algae extract,Algae Extract
algin,Algin
allantoin,Allantoin
allium cepa bulb extract,Allium Cepa Bulb Extract
aloe barbadensis leaf extract,Aloe Barbadensis Leaf Extract
aloe barbadensis leaf juice,Aloe Barbadensis Leaf Juice
aloe barbadensis leaf juice powder,Aloe Barbadensis Leaf Juice Powder
alpaflor edelweiss ep,Alpaflor® Edelweiss Ep
alpha-arbutin,Alpha-Arbutin
alpha-glucan oligosaccharide,Alpha-Glucan Oligosaccharide
alpha-isomethyl ionone,Alpha-Isomethyl Ionone
alteromonas ferment extract,Alteromonas Ferment Extract
alteromonas ferment filtrate,Alteromonas Ferment Filtrate
alumina,Alumina
aluminum hydroxide,Aluminum Hydroxide
aluminum starch octenylsuccinate,Aluminum Starch Octenylsuccinate
amaranthus caudatus seed extract,Amaranthus Caudatus Seed Extract
aminomethyl propanol,Aminomethyl Propanol
aminopropyl ascorbyl phosphate,Aminopropyl Ascorbyl Phosphate
ammonium acryloyldimethyltaurate/vp copolymer,Ammonium Acryloyldimethyltaurate/VP Copolymer
ammonium glycolate,Ammonium Glycolate
ammonium lauryl sulfate,Ammonium Lauryl Sulfate
ammonium polyacryloyldimethyl taurate,Ammonium Polyacryloyldimethyl Taurate
ammonium xylenesulfonate,Ammonium Xylenesulfonate
amodimethicone,Amodimethicone
ananas sativus fruit extract,Ananas Sativus Fruit Extract
anhydroxylitol,Anhydroxylitol
anthemis nobilis flower extract,Anthemis Nobilis Flower Extract
anthemis nobilis flower oil,Anthemis Nobilis Flower Oil
anthocyanins,Anthocyanins
aphanizomenon flos-aquae extract,Aphanizomenon Flos-Aquae Extract
arachidyl alcohol,Arachidyl Alcohol
arachidyl glucoside,Arachidyl Glucoside
arbutin,Arbutin
arctium lappa root extract,Arctium Lappa Root Extract
arctostaphylos uva-ursi leaf extract,Arctostaphylos Uva-Ursi Leaf Extract
argania spinosa kernel oil,Argania Spinosa Kernel Oil
arginine,Arginine
aristotelia chilensis oil,Aristotelia Chilensis Oil
arnica montana extract,Arnica Montana Extract
arnica montana flower extract,Arnica Montana Flower Extract
aronia melanocarpa fruit extract,Aronia Melanocarpa Fruit Extract
ascorbic acid,Ascorbic Acid
ascorbyl glucoside,Ascorbyl Glucoside
ascorbyl palmitate,Ascorbyl Palmitate
asiatic acid,Asiatic Acid
asiaticoside,Asiaticoside
aspartic acid,Aspartic Acid
astaxanthin,Astaxanthin
astragalus membranaceus root extract,Astragalus Membranaceus Root Extract
avena sativa kernel extract,Avena Sativa Kernel Extract
avena sativa kernel flour,Avena Sativa Kernel Flour
azelaic acid,Azelaic Acid
bakuchiol,Bakuchiol
barosma betulina leaf extract,Barosma Betulina Leaf Extract
behentrimonium methosulfate,Behentrimonium Methosulfate
behenyl alcohol,Behenyl Alcohol
bentonite,Bentonite
benzoic acid,Benzoic Acid
benzophenone-3,Benzophenone-3
benzophenone-4,Benzophenone-4
benzophenone-5,Benzophenone-5
benzotriazolyl dodecyl p-cresol,Benzotriazolyl Dodecyl P-Cresol
benzoyl peroxide,Benzoyl Peroxide
benzyl alcohol,Benzyl Alcohol
benzyl benzoate,Benzyl Benzoate
benzyl salicylate,Benzyl Salicylate
beraclay light red,Beraclay Light Red
berberis vulgaris root extract,Berberis Vulgaris Root Extract
beta vulgaris root extract,Beta Vulgaris Root Extract
beta-glucan,Beta-Glucan
betaine,Betaine
betaine salicylate,Betaine Salicylate
betula alba bark extract,Betula Alba Bark Extract
bha,BHA
bht,BHT
bifida ferment lysate,Bifida Ferment Lysate
biosaccharide gum-1,Biosaccharide Gum-1
biosaccharide gum-2,Biosaccharide Gum-2
biotin,Biotin
biotinoyl tripeptide-1,Biotinoyl Tripeptide-1
bis stearyl ethylenediamine/neopentyl glycol/stearyl hydrogenated dimer dilinoleate copolymer,Bis Stearyl Ethylenediamine/Neopentyl Glycol/Stearyl Hydrogenated Dimer Dilinoleate Copolymer
bis-diglyceryl polyacyladipate-2,Bis-Diglyceryl Polyacyladipate-2
bis-ethylhexyl hydroxydimethoxy benzylmalonate,Bis-Ethylhexyl Hydroxydimethoxy Benzylmalonate
bis-ethylhexyloxyphenol methoxyphenyl triazine,Bis-Ethylhexyloxyphenol Methoxyphenyl Triazine
bis-peg-18 methyl ether dimethyl silane,Bis-PEG-18 Methyl Ether Dimethyl Silane
bis-peg/ppg-14/14 dimethicone,Bis-PEG/PPG-14/14 Dimethicone
bisabolol,Bisabolol
borago officinalis leaf extract,Borago Officinalis Leaf Extract
borago officinalis seed oil,Borago Officinalis Seed Oil
boron nitride,Boron Nitride
boswellia serrata extract,Boswellia Serrata Extract
buddleja davidii meristem cell culture,Buddleja Davidii Meristem Cell Culture
butane,Butane
butyl methoxydibenzoylmethane,Butyl Methoxydibenzoylmethane
butylene glycol,Butylene Glycol
butylene/ethylene/styrene copolymer,Butylene/Ethylene/Styrene Copolymer
butyloctyl salicylate,Butyloctyl Salicylate
butylphenyl methylpropional,Butylphenyl Methylpropional
butyrospermum parkii butter,Butyrospermum Parkii Butter
c10-30 cholesterol/lanosterol esters,C10-30 Cholesterol/Lanosterol Esters
c12-14 pareth-12,C12-14 Pareth-12
c12-15 alkyl benzoate,C12-15 Alkyl Benzoate
c12-20 alkyl glucoside,C12-20 Alkyl Glucoside
c13-14 isoparaffin,C13-14 Isoparaffin
c13-15 alkane,C13-15 Alkane
c14-22 alcohols,C14-22 Alcohols
c15-19 alkane,C15-19 Alkane
c20-40 pareth-10,C20-40 Pareth-10
c30-45 alkyl dimethicone,C30-45 Alkyl Dimethicone
caffeine,Caffeine
caffeyl glucoside,Caffeyl Glucoside
calendula officinalis extract,Calendula Officinalis Extract
calendula officinalis flower extract,Calendula Officinalis Flower Extract
calophyllum inophyllum seed oil,Calophyllum Inophyllum Seed Oil
calophyllum tacamahaca oil,Calophyllum Tacamahaca Oil
camelina sativa seed oil,Camelina Sativa Seed Oil
camellia oleifera leaf extract,Camellia Oleifera  Leaf Extract
camellia oleifera seed oil,Camellia Oleifera Seed Oil
camellia sinensis leaf extract,Camellia Sinensis Leaf Extract
cananga odorata flower oil,Cananga Odorata Flower Oil
candelilla cera,Candelilla Cera
candelilla/jojoba/rice bran polyglyceryl-3 esters,Candelilla/Jojoba/Rice Bran Polyglyceryl-3 Esters
caprooyl tetrapeptide-3,Caprooyl Tetrapeptide-3
caprylhydroxamic acid,Caprylhydroxamic Acid
caprylic/capric triglyceride,Caprylic/Capric Triglyceride
caprylic/capric/myristic/stearic triglyceride,Caprylic/Capric/Myristic/Stearic Triglyceride
capryloyl glycerin/sebacic acid copolymer,Capryloyl Glycerin/Sebacic Acid Copolymer
caprylyl caprylate/caprate,Caprylyl Caprylate/Caprate
caprylyl glycol,Caprylyl Glycol
caprylyl methicone,Caprylyl Methicone
capsicum frutescens fruit extract,Capsicum Frutescens Fruit Extract
caramel,Caramel
carbomer,Carbomer
carnosine,Carnosine
carrageenan,Carrageenan
carthamus tinctorius oleosomes,Carthamus Tinctorius Oleosomes
carthamus tinctorius seed oil,Carthamus Tinctorius Seed Oil
cassia alata leaf extract,Cassia Alata Leaf Extract
castor oil/ipdi copolymer,Castor Oil/IPDI Copolymer
cellulose,Cellulose
cellulose gum,Cellulose Gum
centaurea cyanus flower water,Centaurea Cyanus Flower Water
centella asiatica extract,Centella Asiatica Extract
cera alba,Cera Alba
ceramide ap,Ceramide AP
ceramide eop,Ceramide EOP
ceramide ng,Ceramide NG
ceramide np,Ceramide NP
ceresin,Ceresin
ceteareth-20,Ceteareth-20
cetearyl alcohol,Cetearyl Alcohol
cetearyl ethylhexanoate,Cetearyl Ethylhexanoate
cetearyl glucoside,Cetearyl Glucoside
cetearyl isononanoate,Cetearyl Isononanoate
cetearyl nonanoate,Cetearyl Nonanoate
cetearyl olivate,Cetearyl Olivate
cetraria islandica thallus extract,Cetraria Islandica Thallus Extract
cetyl alcohol,Cetyl Alcohol
cetyl dimethicone,Cetyl Dimethicone
cetyl ethylhexanoate,Cetyl Ethylhexanoate
cetyl hydroxyethylcellulose,Cetyl Hydroxyethylcellulose
cetyl lactate,Cetyl Lactate
cetyl palmitate,Cetyl Palmitate
cetyl peg/ppg-10/1 dimethicone,Cetyl PEG/PPG-10/1 Dimethicone
cetyl phosphate,Cetyl Phosphate
cetylhydroxyproline palmitamide,Cetylhydroxyproline Palmitamide
chamomilla recutita flower extract,Chamomilla Recutita Flower Extract
chamomilla recutita flower oil,Chamomilla Recutita Flower Oil
chlorophyll,Chlorophyll
chlorphenesin,Chlorphenesin
cholesterol,Cholesterol
cholesteryl nonanoate,Cholesteryl Nonanoate
cholesteryl oleyl carbonate,Cholesteryl Oleyl Carbonate
cholesteryl stearate,Cholesteryl Stearate
chondrus crispus,Chondrus Crispus
chondrus crispus extract,Chondrus Crispus Extract
ci 14700,Ci 14700
ci 17200,Ci 17200
ci 19140,Ci 19140
ci 42090,Ci 42090
ci 45410,Ci 45410
ci 75120,Ci 75120
ci 75470,Ci 75470
ci 77007,Ci 77007
ci 77163,Ci 77163
ci 77288,Ci 77288
ci 77289,Ci 77289
ci 77491,Ci 77491
ci 77492,Ci 77492
ci 77499,Ci 77499
ci 77510,Ci 77510
ci 77742,Ci 77742
ci 77891,Ci 77891
ci 77947,CI 77947
citral,Citral
citric acid,Citric Acid
citronellol,Citronellol
citrullus lanatus fruit extract,Citrullus Lanatus Fruit Extract
citrus aurantium amara flower oil,Citrus Aurantium Amara Flower Oil
citrus aurantium amara flower water,Citrus Aurantium Amara Flower Water
citrus aurantium bergamia fruit oil,Citrus Aurantium Bergamia Fruit Oil
citrus aurantium bergamia peel oil,Citrus Aurantium Bergamia Peel Oil
citrus aurantium dulcis fruit extract,Citrus Aurantium Dulcis Fruit Extract
citrus aurantium dulcis oil,Citrus Aurantium Dulcis Oil
citrus aurantium dulcis peel oil,Citrus Aurantium Dulcis Peel Oil
citrus grandis peel oil,Citrus Grandis Peel Oil
citrus limon fruit extract,Citrus Limon Fruit Extract
citrus limon peel oil,Citrus Limon Peel Oil
citrus nobilis oil,Citrus Nobilis Oil
citrus nobilis peel oil,Citrus Nobilis Peel Oil
citrus paradisi peel oil,Citrus Paradisi Peel Oil
citrus reticulata peel oil,Citrus Reticulata Peel Oil
citrus unshiu extract,Citrus Unshiu Extract
citrus unshiu peel extract,Citrus Unshiu Peel Extract
cocamide dea,Cocamide DEA
cocamide mea,Cocamide MEA
cocamidopropyl betaine,Cocamidopropyl Betaine
cocamidopropyl dimethylamine,Cocamidopropyl Dimethylamine
cocamidopropyl hydroxysultaine,Cocamidopropyl Hydroxysultaine
cocamidopropylamine oxide,Cocamidopropylamine Oxide
coceth-7,Coceth-7
cochlearia armoracia root extract,Cochlearia Armoracia Root Extract
coco-caprylate,Coco-Caprylate
coco-caprylate/caprate,Coco-Caprylate/Caprate
coco-glucoside,Coco-Glucoside
coconut alkanes,Coconut Alkanes
cocos nucifera fruit extract,Cocos Nucifera Fruit Extract
cocos nucifera fruit juice,Cocos Nucifera Fruit Juice
cocos nucifera oil,Cocos Nucifera Oil
cocos nucifera shell powder,Cocos Nucifera Shell Powder
cocos nucifera water,Cocos Nucifera Water
collagen,Collagen
collagen amino acids,Collagen Amino Acids
colloidal oatmeal,Colloidal Oatmeal
commiphora myrrha resin extract,Commiphora Myrrha Resin Extract
copernicia cerifera wax,Copernicia Cerifera Wax
copper chlorophyll,Copper Chlorophyll
copper gluconate,Copper Gluconate
copper lysinate/prolinate,Copper Lysinate/Prolinate
copper palmitoyl heptapeptide-14,Copper Palmitoyl Heptapeptide-14
copper tripeptide-1,Copper Tripeptide-1
coptis japonica root extract,Coptis Japonica Root Extract
corylus avellana seed oil,Corylus Avellana  Seed Oil
coumarin,Coumarin
crambe abyssinica seed oil,Crambe Abyssinica Seed Oil
cucumis sativus fruit extract,Cucumis Sativus Fruit Extract
cucumis sativus seed oil,Cucumis Sativus Seed Oil
curculigo orchioides root extract,Curculigo Orchioides Root Extract
curcuma longa root extract,Curcuma Longa Root Extract
cyamopsis tetragonoloba gum,Cyamopsis Tetragonoloba Gum
cycloastragenol,Cycloastragenol
cyclohexasiloxane,Cyclohexasiloxane
cyclomethicone,Cyclomethicone
cyclopentasiloxane,Cyclopentasiloxane
cyclotetrasiloxane,Cyclotetrasiloxane
cypripedium pubescens extract,Cypripedium Pubescens Extract
daucus carota sativa root extract,Daucus Carota Sativa Root Extract
daucus carota sativa seed oil,Daucus Carota Sativa Seed Oil
decapeptide-22,Decapeptide-22
decyl glucoside,Decyl Glucoside
dehydroacetic acid,Dehydroacetic Acid
dextrin,Dextrin
diazolidinyl urea,Diazolidinyl Urea
dibutyl adipate,Dibutyl Adipate
dibutyl ethylhexanoyl glutamide,Dibutyl Ethylhexanoyl Glutamide
dibutyl lauroyl glutamide,Dibutyl Lauroyl Glutamide
dicaprylyl carbonate,Dicaprylyl Carbonate
dicaprylyl ether,Dicaprylyl Ether
diethylamino hydroxybenzoyl hexyl benzoate,Diethylamino Hydroxybenzoyl Hexyl Benzoate
"diethylhexyl 2,6-naphthalate","Diethylhexyl 2,6-Naphthalate"
diethylhexyl butamido triazone,Diethylhexyl Butamido Triazone
diethylhexyl carbonate,Diethylhexyl Carbonate
diethylhexyl syringylidenemalonate,Diethylhexyl Syringylidenemalonate
diglucosyl gallic acid,Diglucosyl Gallic Acid
diglycerin,Diglycerin
diheptyl succinate,Diheptyl Succinate
diisopropyl adipate,Diisopropyl Adipate
diisopropyl dimer dilinoleate,Diisopropyl Dimer Dilinoleate
diisopropyl sebacate,Diisopropyl Sebacate
diisostearoyl polyglyceryl-3 dimer dilinoleate,Diisostearoyl Polyglyceryl-3 Dimer Dilinoleate
dilinoleic acid/propanediol copolymer,Dilinoleic Acid/Propanediol Copolymer
dimethicone,Dimethicone
dimethicone crosspolymer,Dimethicone Crosspolymer
dimethicone/peg-10/15 crosspolymer,Dimethicone/PEG-10/15 Crosspolymer
dimethicone/vinyl dimethicone crosspolymer,Dimethicone/Vinyl Dimethicone Crosspolymer
dimethiconol,Dimethiconol
dimethyl isosorbide,Dimethyl Isosorbide
dimethylacrylamide/acrylic acid/polystyrene ethyl methacrylate copolymer,Dimethylacrylamide/Acrylic Acid/Polystyrene Ethyl Methacrylate Copolymer
dimethylmethoxy chromanol,Dimethylmethoxy Chromanol
dipentaerythrityl hexacaprylate/hexacaprate,Dipentaerythrityl Hexacaprylate/Hexacaprate
dipeptide diaminobutyroyl benzylamide diacetate,Dipeptide Diaminobutyroyl Benzylamide Diacetate
dipeptide-2,Dipeptide-2
dipotassium glycyrrhizate,Dipotassium Glycyrrhizate
dipropylene glycol,Dipropylene Glycol
dipropylene glycol dibenzoate,Dipropylene Glycol Dibenzoate
disiloxane,Disiloxane
disodium acetyl glucosamine phosphate,Disodium Acetyl Glucosamine Phosphate
disodium cetearyl sulfosuccinate,Disodium Cetearyl Sulfosuccinate
disodium coco-glucoside citrate,Disodium Coco-Glucoside Citrate
disodium cocoamphodiacetate,Disodium Cocoamphodiacetate
disodium cocoamphodipropionate,Disodium Cocoamphodipropionate
disodium edta,Disodium EDTA
disodium laureth sulfosuccinate,Disodium Laureth Sulfosuccinate
disodium lauriminodipropionate tocopheryl phosphates,Disodium Lauriminodipropionate Tocopheryl Phosphates
disodium lauryl sulfosuccinate,Disodium Lauryl Sulfosuccinate
disodium phenyl dibenzimidazole tetrasulfonate,Disodium Phenyl Dibenzimidazole Tetrasulfonate
disodium uridine phosphate,Disodium Uridine Phosphate
disteardimonium hectorite,Disteardimonium Hectorite
dmdm hydantoin,DMDM Hydantoin
dmpa/isophthalic acid/smdi copolymer,Dmpa/Isophthalic Acid/Smdi Copolymer
dodecane,Dodecane
drometrizole trisiloxane,Drometrizole Trisiloxane
ectoin,Ectoin
edta,EDTA
epigallocatechin gallate,Epigallocatechin Gallate
epigallocatechin gallatyl glucoside,Epigallocatechin Gallatyl Glucoside
eriocephalus punctulatus oil,Eriocephalus Punctulatus Oil
erythrulose,Erythrulose
ethoxydiglycol,Ethoxydiglycol
"ethyl 2,2-dimethylhydrocinnamal","Ethyl 2,2-Dimethylhydrocinnamal"
ethyl ascorbic acid,Ethyl Ascorbic Acid
ethyl hexanediol,Ethyl Hexanediol
ethyl linoleate,Ethyl Linoleate
ethyl linolenate,Ethyl Linolenate
ethyl menthane carboxamide,Ethyl Menthane Carboxamide
ethyl oleate,Ethyl Oleate
ethylbisiminomethylguaiacol manganese chloride,Ethylbisiminomethylguaiacol Manganese Chloride
ethylene/propylene/styrene copolymer,Ethylene/Propylene/Styrene Copolymer
ethylhexyl benzoate,Ethylhexyl Benzoate
ethylhexyl dimethyl paba,Ethylhexyl Dimethyl PABA
ethylhexyl hydroxystearate,Ethylhexyl Hydroxystearate
ethylhexyl methoxycinnamate,Ethylhexyl Methoxycinnamate
ethylhexyl palmitate,Ethylhexyl Palmitate
ethylhexyl salicylate,Ethylhexyl Salicylate
ethylhexyl stearate,Ethylhexyl Stearate
ethylhexyl triazone,Ethylhexyl Triazone
ethylhexylglycerin,Ethylhexylglycerin
ethylparaben,Ethylparaben
eucalyptus citriodora oil,Eucalyptus Citriodora Oil
eucalyptus globulus leaf oil,Eucalyptus Globulus Leaf Oil
eucalyptus radiata leaf oil,Eucalyptus Radiata Leaf Oil
eugenol,Eugenol
farnesol,Farnesol
ferulic acid,Ferulic Acid
fructose,Fructose
galactoarabinan,Galactoarabinan
galactomyces ferment filtrate,Galactomyces Ferment Filtrate
gallyl glucoside,Gallyl Glucoside
gelatin,Gelatin
genistein,Genistein
geraniol,Geraniol
globularia cordifolia callus culture extract,Globularia Cordifolia Callus Culture Extract
glucomannan,Glucomannan
gluconolactone,Gluconolactone
glucose,Glucose
glutamic acid,Glutamic Acid
glutamylamidoethyl imidazole,Glutamylamidoethyl Imidazole
glycereth-26,Glycereth-26
glycereth-7 trimethyl ether,Glycereth-7 Trimethyl Ether
glycerin,Glycerin
glyceryl acrylate/acrylic acid copolymer,Glyceryl Acrylate/Acrylic Acid Copolymer
glyceryl behenate,Glyceryl Behenate
glyceryl behenate/eicosadioate,Glyceryl Behenate/Eicosadioate
glyceryl caprylate,Glyceryl Caprylate
glyceryl dibehenate,Glyceryl Dibehenate
glyceryl laurate,Glyceryl Laurate
glyceryl oleate,Glyceryl Oleate
glyceryl stearate,Glyceryl Stearate
glyceryl stearate citrate,Glyceryl Stearate Citrate
glyceryl stearate se,Glyceryl Stearate SE
glycine,Glycine
glycine soja oil,Glycine Soja Oil
glycine soja seed extract,Glycine Soja Seed Extract
glycol distearate,Glycol Distearate
glycolic acid,Glycolic Acid
glycyrrhiza glabra root extract,Glycyrrhiza Glabra  Root Extract
haematococcus pluvialis extract,Haematococcus Pluvialis Extract
hamamelis virginiana leaf extract,Hamamelis Virginiana  Leaf Extract
hamamelis virginiana bark/leaf/twig extract,Hamamelis Virginiana Bark/Leaf/Twig Extract
hamamelis virginiana extract,Hamamelis Virginiana Extract
hamamelis virginiana leaf water,Hamamelis Virginiana Leaf Water
hamamelis virginiana water,Hamamelis Virginiana Water
hdi/trimethylol hexyllactone crosspolymer,Hdi/Trimethylol Hexyllactone Crosspolymer
helianthus annuus extract,Helianthus Annuus Extract
helianthus annuus seed oil,Helianthus Annuus Seed Oil
helianthus annuus seed oil unsaponifiables,Helianthus Annuus Seed Oil Unsaponifiables
helianthus annuus seed wax,Helianthus Annuus Seed Wax
heptapeptide-15 palmitate,Heptapeptide-15 Palmitate
hesperidin,Hesperidin
hesperidin methyl chalcone,Hesperidin Methyl Chalcone
hexanoyl dipeptide-3 norleucine acetate,Hexanoyl Dipeptide-3 Norleucine Acetate
hexapeptide-9,Hexapeptide-9
hexyl cinnamal,Hexyl Cinnamal
hexyl laurate,Hexyl Laurate
hexyl nicotinate,Hexyl Nicotinate
hexyldecanol,Hexyldecanol
hexylene glycol,Hexylene Glycol
hexylresorcinol,Hexylresorcinol
hippophae rhamnoides fruit oil,Hippophae Rhamnoides Fruit Oil
histidine,Histidine
holly leaf oil,Holly Leaf Oil
homosalate,Homosalate
honey,Honey
honey extract,Honey Extract
houttuynia cordata extract,Houttuynia Cordata Extract
human adipose derived stem cell conditioned media,Human Adipose Derived Stem Cell Conditioned Media
human fibroblast conditioned media,Human Fibroblast Conditioned Media
hyaluronic acid,Hyaluronic Acid
hydrogen dimethicone,Hydrogen Dimethicone
hydrogenated castor oil,Hydrogenated Castor Oil
hydrogenated coco-glycerides,Hydrogenated Coco-Glycerides
hydrogenated lecithin,Hydrogenated Lecithin
hydrogenated polydecene,Hydrogenated Polydecene
hydrogenated polyisobutene,Hydrogenated Polyisobutene
hydrogenated vegetable glycerides,Hydrogenated Vegetable Glycerides
hydrolyzed collagen,Hydrolyzed Collagen
hydrolyzed corn starch,Hydrolyzed Corn Starch
hydrolyzed hyaluronic acid,Hydrolyzed Hyaluronic Acid
hydrolyzed marine collagen,Hydrolyzed Marine Collagen
hydrolyzed placental protein,Hydrolyzed Placental Protein
hydrolyzed sodium hyaluronate,Hydrolyzed Sodium Hyaluronate
hydrolyzed wheat protein,Hydrolyzed Wheat Protein
hydrolyzed wheat protein/pvp crosspolymer,Hydrolyzed Wheat Protein/PVP Crosspolymer
hydrolyzed yeast extract,Hydrolyzed Yeast Extract
hydroxyacetophenone,Hydroxyacetophenone
hydroxycitronellal,Hydroxycitronellal
hydroxyethyl acrylate/sodium acryloyldimethyl taurate copolymer,Hydroxyethyl Acrylate/Sodium Acryloyldimethyl Taurate Copolymer
hydroxyethyl urea,Hydroxyethyl Urea
hydroxyethylcellulose,Hydroxyethylcellulose
hydroxymethoxyphenyl decanone,Hydroxymethoxyphenyl Decanone
hydroxymethoxyphenyl propylmethylmethoxybenzofuran,Hydroxymethoxyphenyl Propylmethylmethoxybenzofuran
hydroxypalmitoyl sphinganine,Hydroxypalmitoyl Sphinganine
hydroxyphenoxy propionic acid,Hydroxyphenoxy Propionic Acid
hydroxyphenyl propamidobenzoic acid,Hydroxyphenyl Propamidobenzoic Acid
hydroxypinacolone retinoate,Hydroxypinacolone Retinoate
hydroxypropyl bispalmitamide mea,Hydroxypropyl Bispalmitamide MEA
hydroxypropyl cyclodextrin,Hydroxypropyl Cyclodextrin
hydroxypropyl methylcellulose,Hydroxypropyl Methylcellulose
hydroxypropyl tetrahydropyrantriol,Hydroxypropyl Tetrahydropyrantriol
imperata cylindrica root extract,Imperata Cylindrica Root Extract
inulin,Inulin
inulin lauryl carbamate,Inulin Lauryl Carbamate
iodopropynyl butylcarbamate,Iodopropynyl Butylcarbamate
iron oxides,Iron Oxides
isoamyl cocoate,Isoamyl Cocoate
isoamyl laurate,Isoamyl Laurate
isoamyl p-methoxycinnamate,Isoamyl p-Methoxycinnamate
isobutane,Isobutane
isoceteth-20,Isoceteth-20
isocetyl stearate,Isocetyl Stearate
isocetyl stearoyl stearate,Isocetyl Stearoyl Stearate
isodecyl neopentanoate,Isodecyl Neopentanoate
isodecyl salicylate,Isodecyl Salicylate
isododecane,Isododecane
isohexadecane,Isohexadecane
isoleucine,Isoleucine
isononyl isononanoate,Isononyl Isononanoate
isopentyldiol,Isopentyldiol
isopropyl cloprostenate,Isopropyl Cloprostenate
isopropyl isostearate,Isopropyl Isostearate
isopropyl lauroyl sarcosinate,Isopropyl Lauroyl Sarcosinate
isopropyl myristate,Isopropyl Myristate
isopropyl palmitate,Isopropyl Palmitate
isosorbide dicaprylate,Isosorbide Dicaprylate
isostearic acid,Isostearic Acid
isostearyl isostearate,Isostearyl Isostearate
isostearyl neopentanoate,Isostearyl Neopentanoate
jojoba esters,Jojoba Esters
jojoba oil/macadamia seed oil esters,Jojoba Oil/Macadamia Seed Oil Esters
kaolin,Kaolin
kappaphycus alvarezii extract,Kappaphycus Alvarezii Extract
kigelia africana fruit extract,Kigelia Africana Fruit Extract
lactic acid,Lactic Acid
lactobacillus ferment,Lactobacillus Ferment
lactobacillus ferment lysate filtrate,Lactobacillus Ferment Lysate Filtrate
lactobacillus/arundinaria gigantea ferment filtrate,Lactobacillus/Arundinaria Gigantea Ferment Filtrate
lactobacillus/eriodictyon californicum ferment extract,Lactobacillus/Eriodictyon Californicum Ferment Extract
lactobacillus/kelp ferment filtrate,Lactobacillus/Kelp Ferment Filtrate
lactobacillus/nereocystis luetkeana ferment filtrate,Lactobacillus/Nereocystis Luetkeana Ferment Filtrate
lactobacillus/pumpkin ferment extract,Lactobacillus/Pumpkin Ferment Extract
lactobacillus/punica granatum fruit ferment extract,Lactobacillus/Punica Granatum Fruit Ferment Extract
lactobionic acid,Lactobionic Acid
lactococcus ferment lysate,Lactococcus Ferment Lysate
laminaria algae extract,Laminaria Algae Extract
laminaria saccharina extract,Laminaria Saccharina Extract
laureth-23,Laureth-23
laureth-7,Laureth-7
lauric acid,Lauric Acid
lauryl glucoside,Lauryl Glucoside
lauryl methacrylate/sodium methacrylate crosspolymer,Lauryl Methacrylate/Sodium Methacrylate Crosspolymer
lauryl peg-9 polydimethylsiloxyethyl dimethicone,Lauryl PEG-9 Polydimethylsiloxyethyl Dimethicone
lavandula angustifolia flower water,Lavandula Angustifolia Flower Water
lavandula angustifolia flower/leaf/stem oil,Lavandula Angustifolia Flower/Leaf/Stem Oil
lavandula angustifolia oil,Lavandula Angustifolia Oil
lecithin,Lecithin
lens esculenta fruit extract,Lens Esculenta Fruit Extract
lentinus edodes mycelium extract,Lentinus Edodes Mycelium Extract
leontopodium alpinum callus culture extract,Leontopodium Alpinum Callus Culture Extract
leptospermum scoparium branch/leaf oil,Leptospermum Scoparium Branch/Leaf Oil
leuconostoc ferment filtrate,Leuconostoc Ferment Filtrate
leuconostoc/radish root ferment filtrate,Leuconostoc/Radish Root Ferment Filtrate
limnanthes alba seed oil,Limnanthes Alba Seed Oil
limonene,Limonene
linalool,Linalool
linoleic acid,Linoleic Acid
linolenic acid,Linolenic Acid
linum usitatissimum seed oil,Linum Usitatissimum Seed Oil
lonicera caprifolium extract,Lonicera Caprifolium Extract
lonicera japonica flower extract,Lonicera Japonica Flower Extract
luminess algae,Luminess Algae
macadamia integrifolia seed oil,Macadamia Integrifolia Seed Oil
macadamia ternifolia seed oil,Macadamia Ternifolia Seed Oil
macrocystis pyrifera,Macrocystis Pyrifera
madecassic acid,Madecassic Acid
madecassoside,Madecassoside
magnesium aluminum silicate,Magnesium Aluminum Silicate
magnesium ascorbyl phosphate,Magnesium Ascorbyl Phosphate
magnesium chloride,Magnesium Chloride
magnesium sulfate,Magnesium Sulfate
maleated soybean oil glyceryl/octyldodecanol esters,Maleated Soybean Oil Glyceryl/Octyldodecanol Esters
malic acid,Malic Acid
maltodextrin,Maltodextrin
malus domestica fruit cell culture,Malus Domestica Fruit Cell Culture
mandelic acid,Mandelic Acid
mangifera indica seed oil,Mangifera Indica Seed Oil
mannitol,Mannitol
mannose,Mannose
melaleuca alternifolia leaf extract,Melaleuca Alternifolia Leaf Extract
melaleuca alternifolia leaf oil,Melaleuca Alternifolia Leaf Oil
melaleuca alternifolia leaf water,Melaleuca Alternifolia Leaf Water
melaleuca leucadendron cajuputi leaf oil,Melaleuca Leucadendron Cajuputi Leaf Oil
melaleuca teretifolia branch/leaf oil,Melaleuca Teretifolia Branch/Leaf Oil
melissa officinalis leaf oil,Melissa Officinalis Leaf Oil
mentha piperita leaf oil,Mentha Piperita Leaf Oil
mentha piperita oil,Mentha Piperita Oil
menthol,Menthol
menthone glycerin acetal,Menthone Glycerin Acetal
menthyl lactate,Menthyl Lactate
methicone,Methicone
methoxycinnamidopropyl hydroxysultaine,Methoxycinnamidopropyl Hydroxysultaine
methoxyphenylimino dimethylcyclohexenyl ethyl glycinate,Methoxyphenylimino Dimethylcyclohexenyl Ethyl Glycinate
methyl diisopropyl propionamide,Methyl Diisopropyl Propionamide
methyl gluceth-10,Methyl Gluceth-10
methyl gluceth-20,Methyl Gluceth-20
methyl glucose sesquistearate,Methyl Glucose Sesquistearate
methyl methacrylate crosspolymer,Methyl Methacrylate Crosspolymer
methyl methacrylate/peg/ppg-4/3 methacrylate crosspolymer,Methyl Methacrylate/PEG/PPG-4/3 Methacrylate Crosspolymer
methyl trimethicone,Methyl Trimethicone
methylchloroisothiazolinone,Methylchloroisothiazolinone
methylene bis-benzotriazolyl tetramethylbutylphenol,Methylene Bis-Benzotriazolyl Tetramethylbutylphenol
methylglucoside phosphate,Methylglucoside Phosphate
methylheptyl laurate,Methylheptyl Laurate
methylisothiazolinone,Methylisothiazolinone
methylparaben,Methylparaben
methylpropanediol,Methylpropanediol
mica,Mica
microcitrus australasica fruit extract,Microcitrus Australasica Fruit Extract
microcrystalline cellulose,Microcrystalline Cellulose
montmorillonite,Montmorillonite
moringa oleifera seed oil,Moringa Oleifera Seed Oil
myristic acid,Myristic Acid
myristoyl hexapeptide-16,Myristoyl Hexapeptide-16
myristoyl nonapeptide-3,Myristoyl Nonapeptide-3
myristoyl pentapeptide-17,Myristoyl Pentapeptide-17
myristyl malate phosphonic acid,Myristyl Malate Phosphonic Acid
myristyl myristate,Myristyl Myristate
myristyl nicotinate,Myristyl Nicotinate
myrtus communis extract,Myrtus Communis Extract
n-butyl alcohol,N-Butyl Alcohol
neopentyl glycol dicaprylate/dicaprate,Neopentyl Glycol Dicaprylate/Dicaprate
neopentyl glycol diheptanoate,Neopentyl Glycol Diheptanoate
niacinamide,Niacinamide
nigella sativa seed oil,Nigella Sativa Seed Oil
nylon-12,Nylon-12
octocrylene,Octocrylene
octyldodecanol,Octyldodecanol
oenothera biennis oil,Oenothera Biennis Oil
ogliopeptide-78,Ogliopeptide-78
olea europaea fruit oil,Olea Europaea Fruit Oil
oleic acid,Oleic Acid
oleic/linoleic/linolenic polyglycerides,Oleic/Linoleic/Linolenic Polyglycerides
oleth-10,Oleth-10
oleth-3 phosphate,Oleth-3 Phosphate
oleyl erucate,Oleyl Erucate
oligopeptide-68,Oligopeptide-68
olive oil glycereth-8 esters,Olive Oil Glycereth-8 Esters
olive oil peg-7 esters,Olive Oil PEG-7 Esters
onsen-sui,Onsen-Sui
opuntia ficus-indica extract,Opuntia Ficus-Indica Extract
opuntia ficus-indica fruit extract,Opuntia Ficus-Indica Fruit Extract
opuntia ficus-indica seed oil,Opuntia Ficus-Indica Seed Oil
opuntia ficus-indica stem extract,Opuntia Ficus-Indica Stem Extract
ornithine,Ornithine
oryza sativa bran oil,Oryza Sativa Bran Oil
oryzanol,Oryzanol
ozokerite,Ozokerite
p-anisic acid,P-Anisic Acid
padina pavonica thallus extract,Padina Pavonica Thallus Extract
palmitic acid,Palmitic Acid
palmitoyl decapeptide-21,Palmitoyl Decapeptide-21
palmitoyl grapevine shoot extract,Palmitoyl Grapevine Shoot Extract
palmitoyl heptapeptide-18,Palmitoyl Heptapeptide-18
palmitoyl hexapeptide-12,Palmitoyl Hexapeptide-12
palmitoyl hexapeptide-14,Palmitoyl Hexapeptide-14
palmitoyl hexapeptide-19,Palmitoyl Hexapeptide-19
palmitoyl hexapeptide-52,Palmitoyl Hexapeptide-52
palmitoyl pentapeptide-4,Palmitoyl Pentapeptide-4
palmitoyl tetrapeptide-7,Palmitoyl Tetrapeptide-7
palmitoyl tripeptide-1,Palmitoyl Tripeptide-1
palmitoyl tripeptide-38,Palmitoyl Tripeptide-38
palmitoyl tripeptide-5,Palmitoyl Tripeptide-5
panax ginseng root extract,Panax Ginseng Root Extract
panthenol,Panthenol
parabens,Parabens
paraffinum liquidum,Paraffinum Liquidum
parfum/fragrance,Parfum/Fragrance
passiflora edulis seed oil,Passiflora Edulis Seed Oil
pca,Pca
peat,Peat
peg-10 dimethicone,PEG-10 Dimethicone
peg-100 stearate,PEG-100 Stearate
peg-12 dimethicone,PEG-12 Dimethicone
peg-12 dimethicone/ppg-20 crosspolymer,PEG-12 Dimethicone/PPG-20 Crosspolymer
peg-12 glyceryl dimyristate,PEG-12 Glyceryl Dimyristate
peg-20 glyceryl triisostearate,PEG-20 Glyceryl Triisostearate
peg-20 methyl glucose sesquistearate,PEG-20 Methyl Glucose Sesquistearate
peg-30 dipolyhydroxystearate,PEG-30 Dipolyhydroxystearate
peg-40 hydrogenated castor oil,PEG-40 Hydrogenated Castor Oil
peg-40 stearate,PEG-40 Stearate
peg-6,PEG-6
peg-6 caprylic/capric glycerides,PEG-6 Caprylic/Capric Glycerides
peg-60 hydrogenated castor oil,PEG-60 Hydrogenated Castor Oil
peg-7 glyceryl cocoate,PEG-7 Glyceryl Cocoate
peg-75,PEG-75
peg-8,PEG-8
peg-8 dimethicone,PEG-8 Dimethicone
peg-9 polydimethylsiloxyethyl dimethicone,PEG-9 Polydimethylsiloxyethyl Dimethicone
peg/ppg-17/6 copolymer,PEG/PPG-17/6 Copolymer
peg/ppg-18/18 dimethicone,PEG/PPG-18/18 Dimethicone
peg/ppg/polybutylene glycol-8/5/3 glycerin,PEG/PPG/Polybutylene Glycol-8/5/3 Glycerin
pelargonium graveolens flower oil,Pelargonium Graveolens Flower Oil
pelargonium graveolens leaf oil,Pelargonium Graveolens Leaf Oil
pelargonium graveolens leaf/flower oil,Pelargonium Graveolens Leaf/Flower Oil
pelargonium graveolens oil,Pelargonium Graveolens Oil
pentaerythrityl tetra-di-t-butyl hydroxyhydrocinnamate,Pentaerythrityl Tetra-Di-T-Butyl Hydroxyhydrocinnamate
pentaerythrityl tetraethylhexanoate,Pentaerythrityl Tetraethylhexanoate
pentaerythrityl tetraisostearate,Pentaerythrityl Tetraisostearate
pentapeptide-18,Pentapeptide-18
pentylene glycol,Pentylene Glycol
perfluorodecalin,Perfluorodecalin
perfluorohexane,Perfluorohexane
perfluoroperhydrophenanthrene,Perfluoroperhydrophenanthrene
persea gratissima oil,Persea Gratissima Oil
persea gratissima oil unsaponifiables,Persea Gratissima Oil Unsaponifiables
petrolatum,Petrolatum
phellodendron amurense bark extract,Phellodendron Amurense Bark Extract
phenethyl alcohol,Phenethyl Alcohol
phenoxyethanol,Phenoxyethanol
phenoxyethyl caprylate,Phenoxyethyl Caprylate
phenyl trimethicone,Phenyl Trimethicone
phenylalanine,Phenylalanine
phenylbenzimidazole sulfonic acid,Phenylbenzimidazole Sulfonic Acid
phenylethyl resorcinol,Phenylethyl Resorcinol
phenylpropanol,Phenylpropanol
phospholipids,Phospholipids
phytic acid,Phytic Acid
phytosphingosine,Phytosphingosine
phytosteryl macadamiate,Phytosteryl Macadamiate
phytosteryl sunflowerseedate,Phytosteryl Sunflowerseedate
phytosteryl/octyldodecyl lauroyl glutamate,Phytosteryl/Octyldodecyl Lauroyl Glutamate
pinus pinaster bark extract,Pinus Pinaster Bark Extract
piper methysticum leaf/root/stem extract,Piper Methysticum Leaf/Root/Stem Extract
pistacia lentiscus gum,Pistacia Lentiscus Gum
plantago lanceolata leaf extract,Plantago Lanceolata Leaf Extract
plukenetia volubilis seed oil,Plukenetia Volubilis Seed Oil
pogostemon cablin leaf oil,Pogostemon Cablin Leaf Oil
poloxamer 184,Poloxamer 184
poloxamer 188,Poloxamer 188
poloxamer 407,Poloxamer 407
polyacrylamide,Polyacrylamide
polyacrylate crosspolymer-6,Polyacrylate Crosspolymer-6
polyacrylate-13,Polyacrylate-13
polyamide-8,Polyamide-8
polyethylene,Polyethylene
polyglucuronic acid,Polyglucuronic Acid
polyglutamic acid,Polyglutamic Acid
polyglycerin-3,Polyglycerin-3
polyglyceryl-10 behenate/eicosadioate,Polyglyceryl-10 Behenate/Eicosadioate
polyglyceryl-10 dioleate,Polyglyceryl-10 Dioleate
polyglyceryl-10 eicosanedioate/tetradecanedioate,Polyglyceryl-10 Eicosanedioate/Tetradecanedioate
polyglyceryl-10 laurate,Polyglyceryl-10 Laurate
polyglyceryl-10 stearate,Polyglyceryl-10 Stearate
polyglyceryl-2 caprate,Polyglyceryl-2 Caprate
polyglyceryl-2 sesquicaprylate,Polyglyceryl-2 Sesquicaprylate
polyglyceryl-3 cetearyl ether olivate,Polyglyceryl-3 Cetearyl Ether Olivate
polyglyceryl-3 diisostearate,Polyglyceryl-3 Diisostearate
polyglyceryl-3 methylglucose distearate,Polyglyceryl-3 Methylglucose Distearate
polyglyceryl-3 polyricinoleate,Polyglyceryl-3 Polyricinoleate
polyglyceryl-4 caprate,Polyglyceryl-4 Caprate
polyglyceryl-4 laurate/succinate,Polyglyceryl-4 Laurate/Succinate
polyglyceryl-6 behenate,Polyglyceryl-6 Behenate
polyglyceryl-6 polyricinoleate,Polyglyceryl-6 Polyricinoleate
polyglyceryl-6 stearate,Polyglyceryl-6 Stearate
polygonum aviculare extract,Polygonum Aviculare Extract
polyhydroxystearic acid,Polyhydroxystearic Acid
polyisobutene,Polyisobutene
polymethyl methacrylate,Polymethyl Methacrylate
polymethylsilsesquioxane,Polymethylsilsesquioxane
polypodium vulgare rhizome extract,Polypodium Vulgare Rhizome Extract
polypropylsilsesquioxane,Polypropylsilsesquioxane
polyquaternium-10,Polyquaternium-10
polyquaternium-37,Polyquaternium-37
polyquaternium-51,Polyquaternium-51
polysilicone-11,Polysilicone-11
polysilicone-15,Polysilicone-15
polysorbate 20,Polysorbate 20
polysorbate 60,Polysorbate 60
polysorbate 80,Polysorbate 80
pongamia glabra seed oil,Pongamia Glabra Seed Oil
portulaca oleracea extract,Portulaca Oleracea Extract
potassium acrylates/c10-30 alkyl acrylate crosspolymer,Potassium Acrylates/C10-30 Alkyl Acrylate Crosspolymer
potassium alum,Potassium Alum
potassium azeloyl diglycinate,Potassium Azeloyl Diglycinate
potassium cetyl phosphate,Potassium Cetyl Phosphate
potassium cocoyl glycinate,Potassium Cocoyl Glycinate
potassium hydroxide,Potassium Hydroxide
potassium phosphate,Potassium Phosphate
potassium sorbate,Potassium Sorbate
ppg-10 methyl glucose ether,PPG-10 Methyl Glucose Ether
ppg-12-buteth-16,PPG-12-Buteth-16
ppg-15 stearyl ether benzoate,PPG-15 Stearyl Ether Benzoate
ppg-26-buteth-26,PPG-26-Buteth-26
ppg-3 isostearyl methyl ether,PPG-3 Isostearyl Methyl Ether
ppg-5-ceteth-20,PPG-5-Ceteth-20
proline,Proline
propane,Propane
propanediol,Propanediol
propylene glycol,Propylene Glycol
propylene glycol dicaprylate/dicaprate,Propylene Glycol Dicaprylate/Dicaprate
propylheptyl caprylate,Propylheptyl Caprylate
propylparaben,Propylparaben
prunus amygdalus dulcis oil,Prunus Amygdalus Dulcis Oil
prunus armeniaca kernel oil,Prunus Armeniaca Kernel Oil
prunus domestica seed extract,Prunus Domestica Seed Extract
pseudoalteromonas exopolysaccharides,Pseudoalteromonas Exopolysaccharides
pseudoalteromonas ferment extract,Pseudoalteromonas Ferment Extract
pseudozyma epicola,Pseudozyma Epicola
pseudozyma epicola/camellia sinensis seed oil/glucose/glycine soja meal/malt extract/yeast extract ferment filtrate,Pseudozyma Epicola/Camellia Sinensis Seed Oil/Glucose/Glycine Soja Meal/Malt Extract/Yeast Extract Ferment Filtrate
pullulan,Pullulan
pulsatilla koreana extract,Pulsatilla Koreana Extract
punica granatum seed oil,Punica Granatum Seed Oil
pvm/ma decadiene crosspolymer,PVM/MA Decadiene Crosspolymer
pvp,PVP
pyrus malus fruit extract,Pyrus Malus Fruit Extract
quercetin,Quercetin
raffinose,Raffinose
raspberry ketone,Raspberry Ketone
raspberry seed oil/tocopheryl succinate aminopropanediol esters,Raspberry Seed Oil/Tocopheryl Succinate Aminopropanediol Esters
resveratrol,Resveratrol
retinal,Retinal
retinol,Retinol
retinyl palmitate,Retinyl Palmitate
retinyl propionate,Retinyl Propionate
retinyl retinoate,Retinyl Retinoate
ricinus communis seed oil,Ricinus Communis Seed Oil
rosa canina fruit oil,Rosa Canina Fruit Oil
rosa canina seed oil,Rosa Canina Seed Oil
rosa damascena absolute,Rosa Damascena Absolute
rosa damascena flower cera,Rosa Damascena Flower Cera
rosa damascena flower oil,Rosa Damascena Flower Oil
rosa damascena flower water,Rosa Damascena Flower Water
rosa rubiginosa seed oil,Rosa Rubiginosa Seed Oil
rosmarinus officinalis leaf extract,Rosmarinus Officinalis Leaf Extract
rosmarinus officinalis leaf oil,Rosmarinus Officinalis Leaf Oil
rosmarinyl glucoside,Rosmarinyl Glucoside
rubus fruticosus seed oil,Rubus Fruticosus Seed Oil
rubus idaeus fruit extract,Rubus Idaeus Fruit Extract
rumex acetosa leaf extract,Rumex Acetosa Leaf Extract
ruscus aculeatus root extract,Ruscus Aculeatus Root Extract
rutin,Rutin
saccharide isomerate,Saccharide Isomerate
saccharomyces cerevisiae extract,Saccharomyces Cerevisiae Extract
saccharomyces ferment,Saccharomyces Ferment
saccharomyces ferment filtrate,Saccharomyces Ferment Filtrate
saccharomyces/camellia sinensis leaf/cladosiphon okamuranus/rice ferment filtrate,Saccharomyces/Camellia Sinensis Leaf/Cladosiphon Okamuranus/Rice Ferment Filtrate
saccharum officinarum extract,Saccharum Officinarum Extract
safflower oil/palm oil aminopropanediol esters,Safflower Oil/Palm Oil Aminopropanediol Esters
salicornia herbacea extract,Salicornia Herbacea Extract
salicylic acid,Salicylic Acid
salix alba bark extract,Salix Alba Bark Extract
salvia hispanica seed oil,Salvia Hispanica Seed Oil
sapindus mukorossi fruit extract,Sapindus Mukorossi Fruit Extract
sarcodon aspratus extract,Sarcodon Aspratus Extract
schisandra sphenanthera fruit extract,Schisandra Sphenanthera Fruit Extract
sclerocarya birrea seed oil,Sclerocarya Birrea  Seed Oil
sclerotium gum,Sclerotium Gum
scutellaria baicalensis root extract,Scutellaria Baicalensis Root Extract
sd alcohol 40-b,Sd Alcohol 40-B
secale cereale seed extract,Secale Cereale Seed Extract
sericite m12 nll,Sericite M12 NLL
serine,Serine
sesamum indicum seed oil,Sesamum Indicum Seed Oil
sh-decapeptide-7,SH-Decapeptide-7
sh-octapeptide-4,SH-Octapeptide-4
sh-oligopeptide-1,SH-Oligopeptide-1
sh-oligopeptide-2,SH-Oligopeptide-2
sh-polypeptide-1,SH-Polypeptide-1
sh-polypeptide-11,SH-Polypeptide-11
sh-polypeptide-9,SH-Polypeptide-9
shea butter ethyl esters,Shea Butter Ethyl Esters
silica,Silica
silica dimethyl silylate,Silica Dimethyl Silylate
silica silylate,Silica Silylate
silybum marianum extract,Silybum Marianum Extract
silybum marianum seed oil,Silybum Marianum Seed Oil
simethicone,Simethicone
simmondsia chinensis seed oil,Simmondsia Chinensis Seed Oil
snail egg extract,Snail Egg Extract
snail secretion filtrate,Snail Secretion Filtrate
sodium acetylated hyaluronate,Sodium Acetylated Hyaluronate
sodium acrylate/sodium acryloyldimethyl taurate copolymer,Sodium Acrylate/Sodium Acryloyldimethyl Taurate Copolymer
sodium acrylates copolymer,Sodium Acrylates Copolymer
sodium acrylates crosspolymer-2,Sodium Acrylates Crosspolymer-2
sodium acrylates/c10-30 alkyl acrylate crosspolymer,Sodium Acrylates/C10-30 Alkyl Acrylate Crosspolymer
sodium ascorbyl phosphate,Sodium Ascorbyl Phosphate
sodium benzoate,Sodium Benzoate
sodium borate,Sodium Borate
sodium butyroyl hyaluronate,Sodium Butyroyl Hyaluronate
sodium c14-16 olefin sulfonate,Sodium C14-16 Olefin Sulfonate
sodium carbomer,Sodium Carbomer
sodium chloride,Sodium Chloride
sodium chondroitin sulfate,Sodium Chondroitin Sulfate
sodium citrate,Sodium Citrate
sodium cocoamphoacetate,Sodium Cocoamphoacetate
sodium cocoyl glutamate,Sodium Cocoyl Glutamate
sodium cocoyl isethionate,Sodium Cocoyl Isethionate
sodium cocoyl sarcosinate,Sodium Cocoyl Sarcosinate
sodium dehydroacetate,Sodium Dehydroacetate
sodium gluconate,Sodium Gluconate
sodium hyaluronate,Sodium Hyaluronate
sodium hyaluronate crosspolymer,Sodium Hyaluronate Crosspolymer
sodium hydroxide,Sodium Hydroxide
sodium lactate,Sodium Lactate
sodium laureth sulfate,Sodium Laureth Sulfate
sodium lauroamphoacetate,Sodium Lauroamphoacetate
sodium lauroyl glutamate,Sodium Lauroyl Glutamate
sodium lauroyl lactylate,Sodium Lauroyl Lactylate
sodium lauroyl methyl isethionate,Sodium Lauroyl Methyl Isethionate
sodium lauroyl sarcosinate,Sodium Lauroyl Sarcosinate
sodium lauryl sulfate,Sodium Lauryl Sulfate
sodium lauryl sulfoacetate,Sodium Lauryl Sulfoacetate
sodium methyl cocoyl taurate,Sodium Methyl Cocoyl Taurate
sodium methyl oleoyl taurate,Sodium Methyl Oleoyl Taurate
sodium methyl stearoyl taurate,Sodium Methyl Stearoyl Taurate
sodium pca,Sodium PCA
sodium phenylbenzimidazole sulfonate,Sodium Phenylbenzimidazole Sulfonate
sodium phytate,Sodium Phytate
sodium polyacrylate,Sodium Polyacrylate
sodium salicylate,Sodium Salicylate
sodium stearate,Sodium Stearate
sodium stearoyl glutamate,Sodium Stearoyl Glutamate
soluble collagen,Soluble Collagen
solum fullonum,Solum Fullonum
sorbeth-30 tetraoleate,Sorbeth-30 Tetraoleate
sorbic acid,Sorbic Acid
sorbitan caprylate,Sorbitan Caprylate
sorbitan isostearate,Sorbitan Isostearate
sorbitan laurate,Sorbitan Laurate
sorbitan oleate,Sorbitan Oleate
sorbitan olivate,Sorbitan Olivate
sorbitan palmitate,Sorbitan Palmitate
sorbitan sesquiisostearate,Sorbitan Sesquiisostearate
sorbitan sesquioleate,Sorbitan Sesquioleate
sorbitan stearate,Sorbitan Stearate
sorbitan trioleate,Sorbitan Trioleate
sorbitol,Sorbitol
soy amino acids,Soy Amino Acids
soy isoflavones,Soy Isoflavones
spiraea ulmaria extract,Spiraea Ulmaria Extract
squalane,Squalane
squalene,Squalene
steareth-2,Steareth-2
steareth-20,Steareth-20
steareth-21,Steareth-21
stearic acid,Stearic Acid
stearyl alcohol,Stearyl Alcohol
stearyl heptanoate,Stearyl Heptanoate
styrax benzoin resin extract,Styrax Benzoin Resin Extract
styrax tonkinensis resin extract,Styrax Tonkinensis Resin Extract
styrene/acrylates copolymer,Styrene/Acrylates Copolymer
sucrose,Sucrose
sucrose laurate,Sucrose Laurate
sucrose palmitate,Sucrose Palmitate
sucrose stearate,Sucrose Stearate
sulfur,Sulfur
superoxide dismutase,Superoxide Dismutase
symphytum officinale root extract,Symphytum Officinale Root Extract
syntacks,Syntacks
synthetic fluorphlogopite,Synthetic Fluorphlogopite
t-butyl alcohol,T-Butyl Alcohol
talc,Talc
tamarindus indica seed gum,Tamarindus Indica Seed Gum
tapioca starch,Tapioca Starch
taraxacum officinale leaf extract,Taraxacum Officinale Leaf Extract
tasmannia lanceolata fruit/leaf extract,Tasmannia Lanceolata Fruit/Leaf Extract
tea-lactate,Tea-Lactate
teprenone,Teprenone
terephthalylidene dicamphor sulfonic acid,Terephthalylidene Dicamphor Sulfonic Acid
tetradecyl aminobutyroylvalylaminobutyric urea trifluoroacetate,Tetradecyl Aminobutyroylvalylaminobutyric Urea Trifluoroacetate
tetrahexyldecyl ascorbate,Tetrahexyldecyl Ascorbate
tetrahydrobisdemethoxydiferuloylmethane,Tetrahydrobisdemethoxydiferuloylmethane
tetrahydrodemethoxydiferuloylmethane,Tetrahydrodemethoxydiferuloylmethane
tetrahydrodiferuloylmethane,Tetrahydrodiferuloylmethane
tetrapeptide-14,Tetrapeptide-14
tetrapeptide-17,Tetrapeptide-17
tetrapeptide-21,Tetrapeptide-21
tetrapeptide-30,Tetrapeptide-30
tetrasodium edta,Tetrasodium EDTA
tetrasodium tetracarboxymethyl naringeninchalcone,Tetrasodium Tetracarboxymethyl Naringeninchalcone
theobroma cacao seed butter,Theobroma Cacao Seed Butter
thioctic acid,Thioctic Acid
threonine,Threonine
thymus vulgaris flower/leaf oil,Thymus Vulgaris  Flower/Leaf Oil
tin oxide,Tin Oxide
titanium dioxide,Titanium Dioxide
tocopherol,Tocopherol
tocopheryl acetate,Tocopheryl Acetate
trehalose,Trehalose
tremella fuciformis polysaccharide,Tremella Fuciformis Polysaccharide
tremella fuciformis sporocarp extract,Tremella Fuciformis Sporocarp Extract
tretinoin,Tretinoin
tribehenin,Tribehenin
tridecyl stearate,Tridecyl Stearate
tridecyl trimellitate,Tridecyl Trimellitate
triethanolamine,Triethanolamine
triethoxycaprylylsilane,Triethoxycaprylylsilane
triethoxysilylethyl polydimethylsiloxyethyl hexyl dimethicone,Triethoxysilylethyl Polydimethylsiloxyethyl Hexyl Dimethicone
triethylhexanoin,Triethylhexanoin
trifluoroacetyl tripeptide-2,Trifluoroacetyl Tripeptide-2
triheptanoin,Triheptanoin
trihydroxystearin,Trihydroxystearin
trimethylsiloxysilicate,Trimethylsiloxysilicate
triolein,Triolein
tripeptide-1,Tripeptide-1
tripeptide-29,Tripeptide-29
tris-biphenyl triazine,Tris-Biphenyl Triazine
trisiloxane,Trisiloxane
trisodium edta,Trisodium EDTA
trisodium ethylenediamine disuccinate,Trisodium Ethylenediamine Disuccinate
triticum vulgare germ extract,Triticum Vulgare Germ Extract
tromethamine,Tromethamine
tropolone,Tropolone
tuber melanosporum extract,Tuber Melanosporum Extract
ubiquinone,Ubiquinone
ulmus davidiana root extract,Ulmus Davidiana Root Extract
undecylenoyl phenylalanine,Undecylenoyl Phenylalanine
urea,Urea
urtica dioica leaf extract,Urtica Dioica Leaf Extract
usnea barbata extract,Usnea Barbata Extract
vaccinium macrocarpon seed oil,Vaccinium Macrocarpon Seed Oil
valine,Valine
vinegar,Vinegar
vinyl dimethicone/methicone silsesquioxane crosspolymer,Vinyl Dimethicone/Methicone Silsesquioxane Crosspolymer
vitis vinifera extract,Vitis Vinifera Extract
vitis vinifera fruit extract,Vitis Vinifera Fruit Extract
vitis vinifera juice extract,Vitis Vinifera Juice Extract
vitis vinifera seed extract,Vitis Vinifera Seed Extract
vitis vinifera seed oil,Vitis Vinifera Seed Oil
vp/va copolymer,VP/VA Copolymer
water,Water
wheat and oat sugars,Wheat and Oat Sugars
whey protein,Whey Protein
xanthan gum,Xanthan Gum
xanthophyll,Xanthophyll
xylitol,Xylitol
xylitylglucoside,Xylitylglucoside
yeast extract,Yeast Extract
zanthoxylum piperitum fruit extract,Zanthoxylum Piperitum Fruit Extract
zea mays starch,Zea Mays Starch
zinc gluconate,Zinc Gluconate
zinc oxide,Zinc Oxide
zinc palmitoyl nonapeptide-14,Zinc Palmitoyl Nonapeptide-14
zinc pca,Zinc Pca
zinc stearate,Zinc Stearate
zingiber officinale root extract,Zingiber Officinale Root Extract
acetyl dipeptide-1 cetyl ester,Acetyl dipeptide-1 cetyl ester
acetyl dipeptide-1 cetyl ester,acetyl tyrosylarginine cetyl ester
acetyl dipeptide-1 cetyl ester,UNII-3M7W78X5IR
acetyl dipeptide-1 cetyl ester,3M7W78X5IR
acetyl dipeptide-1 cetyl ester,DTXSID00173329
acetyl hexapeptide-1,Acetyl hexapeptide-1
acetyl hexapeptide-1,448944-47-6
acetyl hexapeptide-1,Melitane
acetyl hexapeptide-1,N-Acetyl-L-norleucyl-L-alanyl-L-histidyl-D-phenylalanyl-L-arginyl-L-tryptophanamide
acetyl hexapeptide-1,Melitane (Acetyl Hexapeptide-1)
acetyl octapeptide-3,Acetyl octapeptide-3
acetyl octapeptide-3,UNII-8K14HJF88S
acetyl octapeptide-3,8K14HJF88S
acetyl octapeptide-3,Acetyl-glu-glu-met-gln-arg-arg-ala-asp-amide
acetyl octapeptide-3,DTXSID70235943
acetyl tetrapeptide-2,757942-88-4
acetyl tetrapeptide-2,Acetyl tetrapeptide-2
acetyl tetrapeptide-2,Peptigravity
acetyl tetrapeptide-2,Ac-lys-asp-val-tyr
acetyl tetrapeptide-2,Thymulen 4
acetyl tetrapeptide-3,827306-88-7
acetyl tetrapeptide-3,Folixyl
acetyl tetrapeptide-3,Kollaren 6
acetyl tetrapeptide-3,D1HW9N9QBX
acetyl tetrapeptide-5,Acetyl tetrapeptide-5
acetyl tetrapeptide-5,820959-17-9
acetyl tetrapeptide-5,Eyeseryl
acetyl tetrapeptide-5,Y1DFQ308G8
acetyl tetrapeptide-5,UNII-Y1DFQ308G8
acetylarginyltryptophyl diphenylglycine,Acetylarginyltryptophyl diphenylglycine
acetylarginyltryptophyl diphenylglycine,Relistase
acetylarginyltryptophyl diphenylglycine,9O32SH1GPH
acetylarginyltryptophyl diphenylglycine,1334583-93-5
acetylarginyltryptophyl diphenylglycine,"Glycine, N2-acetyl-L-arginyl-L-tryptophyl-(2S)-2-phenylglycyl-2-phenyl-, (2S)-"
alcohol denat.,ethanol
alcohol denat.,ethyl alcohol
alcohol denat.,alcohol
alcohol denat.,64-17-5
alcohol denat.,grain alcohol
aminopropyl ascorbyl phosphate,Aminopropyl ascorbyl phosphate
aminopropyl ascorbyl phosphate,220644-17-7
aminopropyl ascorbyl phosphate,Vitagen
aminopropyl ascorbyl phosphate,290O2PQ83R
aminopropyl ascorbyl phosphate,UNII-290O2PQ83R
arachidyl glucoside,arachidyl glucoside
arachidyl glucoside,Eicosyl beta-glucoside
arachidyl glucoside,"D-Glucoside, eicosyl"
arachidyl glucoside,6JVW35JOOJ
arachidyl glucoside,UNII-6JVW35JOOJ
betaine salicylate,Betaine salicylate
betaine salicylate,17671-53-3
betaine salicylate,"Betaine, salicylate"
betaine salicylate,(Carboxymethyl)trimethylammonium salicylate
betaine salicylate,UNII-DRF395F9AY
biotinoyl tripeptide-1,Biotinoyl tripeptide-1
biotinoyl tripeptide-1,299157-54-3
biotinoyl tripeptide-1,Biotin-GHK
biotinoyl tripeptide-1,O6380721VA
biotinoyl tripeptide-1,UNII-O6380721VA
ceramide eop,Ceramide eop
ceramide eop,Ceramide I A
ceramide eop,Ceramide eop [INCI]
ceramide eop,RefChem:575147
ceramide eop,Ceramide 9
ceramide ng,CERAMIDE NG
ceramide ng,Ceramide 2
ceramide ng,n-stearoyl dihydrosphingosine
ceramide ng,Ceramide NS
ceramide ng,Ceramide 2 pure
chlorophyll,Chlorofolin
chlorophyll,Deodophyll
chlorophyll,Chlorofyl
chlorophyll,Chlorofyl [Czech]
chlorophyll,L-Gruen No. 1
ci 77947,Zincum Oxydatum
ci 77947,Zinc paste
ci 77947,Zinci Oxydum
ci 77947,Zinc (as oxide)
ci 77947,Zinc oxide emulsion
copper chlorophyll,Chlorophyllin A
copper chlorophyll,DTXSID90872455
copper chlorophyll,copper chlorophyll
copper chlorophyll,Chloresium
copper chlorophyll,Derifil
copper tripeptide-1,Prezatide copper
copper tripeptide-1,Copper tripeptide-1
copper tripeptide-1,89030-95-5
copper tripeptide-1,GHK copper
copper tripeptide-1,CG-copper peptide
cycloastragenol,78574-94-4
cycloastragenol,Cyclosiversigenin
cycloastragenol,X37D9F2L0V
cycloastragenol,J427.606J
"diethylhexyl 2,6-naphthalate","Bis(2-ethylhexyl) Naphthalene-2,6-dicarboxylate"
"diethylhexyl 2,6-naphthalate",I0DQJ7YGXM
"diethylhexyl 2,6-naphthalate",CORAPAN TQ 182585
"diethylhexyl 2,6-naphthalate","DIOCTYL 2,6-NAPHTHALATE"
"diethylhexyl 2,6-naphthalate",DTXSID20869752
diglucosyl gallic acid,Brightenyl
diglucosyl gallic acid,DB74D82KMS
diglucosyl gallic acid,474111-84-7
diglucosyl gallic acid,RefChem:1083565
diisopropyl dimer dilinoleate,Schercemol DID
diisopropyl dimer dilinoleate,Crodamol IPD
diisopropyl dimer dilinoleate,Crodamol DIPD
diisopropyl dimer dilinoleate,Diisopropyl dilinoleate
diisopropyl dimer dilinoleate,Dermol DID
dipeptide diaminobutyroyl benzylamide diacetate,823202-99-9
dipeptide diaminobutyroyl benzylamide diacetate,Syn-ake
dipeptide diaminobutyroyl benzylamide diacetate,Dipeptide diaminobutyroyl benzylamide diacetate
dipeptide diaminobutyroyl benzylamide diacetate,38H206R00R
dipeptide diaminobutyroyl benzylamide diacetate,UNII-38H206R00R
dipeptide-2,24587-37-9
dipeptide-2,Val-trp
dipeptide-2,L-Valyl-L-tryptophan
dipeptide-2,"L-Tryptophan, L-valyl-"
dipeptide-2,valyltryptophan
epigallocatechin gallatyl glucoside,Inoveol egcg
epigallocatechin gallatyl glucoside,AR8RR3M6N9
epigallocatechin gallatyl glucoside,Epigallocatechin gallatyl glucoside
epigallocatechin gallatyl glucoside,161802-03-5
epigallocatechin gallatyl glucoside,"4-((2R,3R)-3,4-Dihydro-5,7-dihydroxy-3-((3,4,5-trihydroxybenzoyl)oxy)-2H-1-benzopyran-2-yl)-2,6-dihydroxyphenyl alpha-D-glucopyranoside"
ethyl ascorbic acid,86404-04-8
ethyl ascorbic acid,3-O-Ethylascorbic acid
ethyl ascorbic acid,3-o-ethyl ascorbic acid
ethyl ascorbic acid,ethyl ascorbic acid
ethyl ascorbic acid,Vitamin C ethyl
glucomannan,RefChem:767145
glucomannan,GlyTouCan:G86956SE
glucomannan,G86956SE
glucomannan,Glucomannoglycan
hexanoyl dipeptide-3 norleucine acetate,Hexanoyl dipeptide-3 norleucine acetate
hexanoyl dipeptide-3 norleucine acetate,UNII-P8A02Z93M6
hexanoyl dipeptide-3 norleucine acetate,P8A02Z93M6
hexanoyl dipeptide-3 norleucine acetate,860627-90-3
hexanoyl dipeptide-3 norleucine acetate,DTXSID00235370
hexapeptide-9,885024-94-2
hexapeptide-9,Apepbiosix-5
hexapeptide-9,Glycyl-L-prolyl-L-glutaminylglycyl-L-prolyl-L-glutamine
hexapeptide-9,Hexapeptide-9 [INCI]
hydroxypalmitoyl sphinganine,Hydroxypalmitoyl sphinganine
hydroxypalmitoyl sphinganine,190249-36-6
hydroxypalmitoyl sphinganine,Mexanyl GAA
hydroxypalmitoyl sphinganine,NR33W2353T
hydroxypalmitoyl sphinganine,"Hexadecanamide, 2-hydroxy-N-((1S,2R)-2-hydroxy-1-(hydroxymethyl)heptadecyl)-"
hydroxypinacolone retinoate,Hydroxypinacolone retinoate
hydroxypinacolone retinoate,893412-73-2
hydroxypinacolone retinoate,Granactive retexture T
hydroxypinacolone retinoate,MDI 101
hydroxypinacolone retinoate,UNII-NJ3V2F02E1
hydroxypropyl bispalmitamide mea,211184-47-3
hydroxypropyl bispalmitamide mea,Hydroxypropyl bispalmitamide monoethanolamide
hydroxypropyl bispalmitamide mea,Ceramide pc-104
hydroxypropyl bispalmitamide mea,EVX7NC9YVE
hydroxypropyl bispalmitamide mea,Hydroxypropyl bispalmitamide MEA
isosorbide dicaprylate,Isosorbide dicaprylate
isosorbide dicaprylate,Synovea DOI
isosorbide dicaprylate,64896-70-4
isosorbide dicaprylate,Nikkol sorester 208
isosorbide dicaprylate,"(3R,3aR,6S,6aR)-hexahydrofuro[3,2-b]furan-3,6-diyl dioctanoate"
methicone,METHICONE [INCI]
methicone,RefChem:811725
methicone,DTXCID201436379
methicone,DTXSID501009947
methoxycinnamidopropyl hydroxysultaine,500731-87-3
methoxycinnamidopropyl hydroxysultaine,Methoxy Cinnamidopropyl Hydroxysultaine
myristoyl hexapeptide-16,959610-54-9
myristoyl hexapeptide-16,Myristoyl Hexapeptide-16 (acetate)
myristoyl hexapeptide-16,orb1943035
myristoyl hexapeptide-16,HY-P5235
myristyl malate phosphonic acid,Myristyl malate phosphonic acid
myristyl malate phosphonic acid,Myristyl phosphomalate
myristyl malate phosphonic acid,M1533CYO51
myristyl malate phosphonic acid,"Butanedioic acid, 2-(phosphonooxy)-, 4-tetradecyl ester"
myristyl malate phosphonic acid,1203489-68-2
oligopeptide-68,1206525-47-4
oligopeptide-68,BP-50304
palmitoyl hexapeptide-14,Palmitoyl hexapeptide-14
palmitoyl hexapeptide-14,891498-01-4
palmitoyl hexapeptide-14,Palmitoyl hexapeptide-6
palmitoyl hexapeptide-14,orb1943200
palmitoyl hexapeptide-14,HY-P5268
palmitoyl pentapeptide-4,214047-00-4
palmitoyl pentapeptide-4,"L-Serine, N2-(1-oxohexadecyl)-L-lysyl-L-threonyl-L-threonyl-L-lysyl-"
palmitoyl pentapeptide-4,Palmitoyl pentapeptide-3
palmitoyl pentapeptide-4,Oristar popp
palmitoyl tetrapeptide-7,221227-05-0
palmitoyl tetrapeptide-7,Palmitoyl tetrapeptide-7
palmitoyl tetrapeptide-7,N-Palmitoylrigin
palmitoyl tetrapeptide-7,Palmitoyl-GQPR
palmitoyl tetrapeptide-7,UNII-Q41S464P1R
palmitoyl tripeptide-38,Palmitoyl lysyldioxymethionyllysine
palmitoyl tripeptide-38,UNII-T7A529FB8O
palmitoyl tripeptide-38,T7A529FB8O
palmitoyl tripeptide-38,1101448-24-1
palmitoyl tripeptide-5,palmitoyl-lysyl-valyl-lysine
palmitoyl tripeptide-5,SYN-COLL
palmitoyl tripeptide-5,2A3916MQHO
palmitoyl tripeptide-5,"L-Lysine, N2-(1-oxohexadecyl)-L-lysyl-L-valyl-"
pentapeptide-18,64963-01-5
pentapeptide-18,[D-Ala2]leucine-enkephalin
pentapeptide-18,Leuphasyl
pentapeptide-18,(D-Ala2)leucine-enkephalin
propanediol,propanediol
propanediol,26264-14-2
propanediol,Propandiol
propanediol,DTXSID9074939
propanediol,RefChem:9087
rosmarinyl glucoside,Rosmarinyl glucoside
rosmarinyl glucoside,910028-78-3
rosmarinyl glucoside,Inoveol rosmarinic acid-glucoside
rosmarinyl glucoside,UNII-3LBK307OWD
rosmarinyl glucoside,3LBK307OWD
soy isoflavones,Soybean Isoflavones
soy isoflavones,Novasoy
soy isoflavones,Soy isoflavone
soy isoflavones,Soya isoflavones
soy isoflavones,Soybean isoflavoues
stearic acid,stearic acid
stearic acid,Octadecanoic acid
stearic acid,57-11-4
stearic acid,n-Octadecanoic acid
stearic acid,Stearophanic acid
tetrapeptide-21,GEKG peptide
tetrapeptide-21,UNII-179JUC43HU
tetrapeptide-21,DTXSID80242108
tetrapeptide-21,RefChem:142820
tetrapeptide-30,1036207-61-0
tetrapeptide-30,(S)-6-Amino-2-((S)-2-((S)-6-amino-2-((S)-pyrrolidine-2-carboxamido)hexanamido)-4-carboxybutanamido)hexanoic acid
tetrapeptide-30,PRO-LYS-GLU-LYS
tetrapeptide-30,Tetrapeptide-30/Tegopep
tretinoin,Retinoic acid
tretinoin,tretinoin
tretinoin,302-79-4
tretinoin,all-trans-Retinoic acid
tretinoin,Vitamin A acid
trifluoroacetyl tripeptide-2,64577-63-5
trifluoroacetyl tripeptide-2,Ecm-protect
trifluoroacetyl tripeptide-2,"N-(2,2,2-Trifluoroacetyl)-L-valyl-L-tyrosyl-L-valine"
trifluoroacetyl tripeptide-2,E6WT9V3SGO
tripeptide-1,glycyl-l-histidyl-l-lysine
tripeptide-1,49557-75-7
tripeptide-1,Prezatide
tripeptide-1,Liver cell growth factor
tripeptide-1,Glycyl-histidyl-lysine
tripeptide-29,glycyl-prolyl-hydroxyproline
tripeptide-29,RefChem:144004
tripeptide-29,H-Gly-Pro-Hyp-OH
tripeptide-29,2239-67-0
tripeptide-29,Glycylprolylhydroxyproline
xanthophyll,"4-((1E,3E,5E,7E,9E,11E,13E,15E,17E)-18-(4-hydroxy-2,6,6-trimethylcyclohex-1-en-1-yl)-3,7,12,16-tetramethyloctadeca-1,3,5,7,9,11,13,15,17-nonaen-1-yl)-3,5,5-trimethylcyclohex-2-en-1-ol"
xanthophyll,"4-[(1E,3E,5E,7E,9E,11E,13E,15E,17E)-18-(4-hydroxy-2,6,6-trimethylcyclohex-1-en-1-yl)-3,7,12,16-tetramethyloctadeca-1,3,5,7,9,11,13,15,17-nonaen-1-yl]-3,5,5-trimethylcyclohex-2-en-1-ol"
xanthophyll,RefChem:1101082
xanthophyll,CHEBI:27325
xylitylglucoside,Xylityl glucoside
xylitylglucoside,RefChem:904640
xylitylglucoside,Xylityl glycoside
xylitylglucoside,xylitylglucoside
xylitylglucoside,UNII-O0IEZ166FB
